商品编码,品名,划线价,销售价,税费,利润,高级会员,蓝钻会员,红钻
zrhz1000001,法国Avene雅漾舒护活泉水喷雾 300ML,,116.76,11.76,34.58,0.35,0.69,1.04
zrhz1000003,日本花王珂润Curel润浸保湿乳液 120ml,,154.57,15.57,12.23,0.12,0.24,0.37
zrhz1000006,日本DHC蝶翠诗榄护唇膏润唇膏滋润补水保湿 1.5g,,72.28,7.28,21.15,0.21,0.42,0.63
zrhz1000007,美国Estee Lauder雅诗兰黛 红石榴能量水清爽型 200ml,,331.38,33.38,37.78,0.38,0.76,1.13
zrhz1000010,法国Fresh馥蕾诗大豆洁面ㄠ洗面奶 150ML,,286.9,28.9,41.65,0.42,0.83,1.25
zrhz1000014,美国kiehl's科颜氏牛油果眼霜 14g,,233.52,23.52,26.9,0.27,0.54,0.81
zrhz1000017,加拿大MAC魅可子弹头口红 Lady Danger 3g,,177.92,17.92,21.62,0.22,0.43,0.65
zrhz1000018,加拿大MAC魅可子弹头口红 Ruby Woo复古正红 3g,,177.92,17.92,32.84,0.33,0.66,0.99
zrhz1000020,日本Pure Smile江户歌舞伎艺妓艺术面膜 4片装,,97.86,9.86,42.98,0.43,0.86,1.29
zrhz1000023,意大利Armani阿玛尼哑光唇釉 #504,,342.5,34.5,141.48,1.41,2.83,4.24
zrhz1000024,意大利Armani阿玛尼红管哑光唇釉  #402,,342.5,34.5,100.68,1.01,2.01,3.02
zrhz1000025,意大利Armani阿玛尼哑光唇釉 #500,,342.5,34.5,60.9,0.61,1.22,1.83
zrhz1000026,澳洲Lucas卢卡斯木瓜膏 25g,,42.26,4.26,13.45,0.13,0.27,0.4
zrhz1000027,澳洲Blackmores澳佳宝天然维E面霜50g,,86.74,8.74,41.3,0.41,0.83,1.24
zrhz1000029,法国Eau precieuse珍贵水375ml,,97.86,9.86,41.95,0.42,0.84,1.26
zrhz1000031,法国bioderma贝德玛粉水 500ml,,150.12,15.12,57.18,0.57,1.14,1.72
zrhz1000032,法国Dior迪奥粉漾魅惑变色润唇膏 01#浅粉色 3.5g,,272.44,27.44,81.69,0.82,1.63,2.45
zrhz1000033,法国GIVENCHY纪梵希 四宫格蜜粉 #7 12g,,420.34,42.34,79.29,0.79,1.59,2.38
zrhz1000034,法国 LANCOME兰蔻清滢柔肤水粉水 400ml,,410.33,41.33,89.98,0.9,1.8,2.7
zrhz1000035,法国Caudalie欧缇丽葡萄活性喷雾 200ml,,132.33,13.33,37.58,0.38,0.75,1.13
zrhz1000036,韩国AHC B5玻尿酸精华液30ml,,197.94,19.94,67.56,0.68,1.35,2.03
zrhz1000038,韩国AHC高效玻尿酸B5洗面奶180ML,,97.86,9.86,29.64,0.3,0.59,0.89
zrhz1000039,韩国SNP海洋燕窝面膜10片/盒,,90.07,9.07,20.33,0.2,0.41,0.61
zrhz1000040,韩国VDL贝壳提亮液30ml,,108.98,10.98,28.19,0.28,0.56,0.85
zrhz1000041,韩国papa recipe春雨卢卡黑面膜 蜂蜜黑炭面膜补水提亮肤色 10片/盒,,131.22,13.22,39.89,0.4,0.8,1.2
zrhz1000042,韩国papa recipe春雨蜂蜜保湿补水面膜贴黄色 10片/盒,,108.98,10.98,33.58,0.34,0.67,1.01
zrhz1000044,韩国the saem得鲜口红 #M06,,65.61,6.61,8.56,0.09,0.17,0.26
zrhz1000046,韩国Mediheal美迪惠尔可莱丝水库针剂睡眠面膜  10片/盒,,86.74,8.74,22.75,0.23,0.46,0.68
zrhz1000048,韩国水光JAYJUN樱花BABY新生焕白面膜10片/盒,,142.34,14.34,54.43,0.54,1.09,1.63
zrhz1000049,韩国水光JAYJUN面膜10片/盒,,110.09,11.09,21.11,0.21,0.42,0.63
zrhz1000233,资生堂 UNO吾诺男士泡沫洗面奶/洁面乳 白色130g,,38.92,3.92,10.79,0.11,0.22,0.32
zrhz1000234,西班牙Byphasse蓓昂斯四效合一卸妆水 500ml,,76.73,7.73,25.36,0.25,0.51,0.76
zrbj000062,澳洲STREAMLAND新溪岛 蔓越莓蜂蜜500g ,,120.1,12.1,30.82,0.31,0.62,0.92
HH00000001,日本Okamoto冈本001避孕套超薄安全套0.01mm 3只装,,64.5,6.5,18.7,0.19,0.37,0.56
HH00000002,法国香奈儿Chanel女士香水粉色邂逅淡香水50ml,,683.88,68.88,59.27,0.59,1.19,1.78
HH00000003,澳洲NU-Lax乐康膏500g/盒,,97.86,9.86,24.03,0.24,0.48,0.72
HH00000006,日本Spa Treatment 暗黑瘦身水 100mL,,442.58,44.58,115.75,1.16,2.32,3.47
HH00000008,日本象印ZOJIRUSHI不锈钢真空保温杯SM-SC48蓝色480ml,,239.08,24.08,55.45,0.55,1.11,1.66
HH00000010,日本膳魔师THERMOS真空超轻保温杯JNL-502-ALB黑色500ml,,242.42,24.42,59.05,0.59,1.18,1.77
HH00000011,日本膳魔师THERMOS真空超轻保温杯JNL-502-SKY蓝色500ml,,242.42,24.42,49.4,0.49,0.99,1.48
HH00000012,日本膳魔师THERMOS真空超轻保温杯JNL-502-PRW象牙白500ml,,242.42,24.42,53.51,0.54,1.07,1.61
HH00000015,韩国Nature Republic自然乐园芦荟胶补水面霜 300ml/罐,,40.03,4.03,13.33,0.13,0.27,0.4
HH00000023,法国YSL圣罗兰方管口红 #19,,309.14,31.14,83.63,0.84,1.67,2.51
HH00000024,法国YSL圣罗兰镜光唇釉 #7,,309.14,31.14,83.63,0.84,1.67,2.51
HH00000025,法国Dior迪奥魅惑唇膏 #004（珊瑚色）,,231.3,23.3,40.51,0.41,0.81,1.22
HH00000026,法国Dior迪奥烈艳蓝金唇膏 #520,,286.9,28.9,56.95,0.57,1.14,1.71
HH00000027,法国Dior迪奥烈艳蓝金唇膏 #888 哑光,,286.9,28.9,42.08,0.42,0.84,1.26
HH00000030,意大利Armani阿玛尼黑管唇釉 #402,,298.02,30.02,67.74,0.68,1.35,2.03
HH00000034,泰国Mistine小草莓变色口红1.7g,,31.14,3.14,8.79,0.09,0.18,0.26
HH00000035,日本奇士美kiss me睫毛膏纤长型,,97.86,9.86,28.62,0.29,0.57,0.86
HH00000037,韩国Whoo后 拱辰享洗面奶 180ml,,253.54,25.54,67.54,0.68,1.35,2.03
HH00000038,美国帕玛氏Palmers胸部按摩膏125g,,76.73,7.73,35.75,0.36,0.72,1.07
HH00000039,美国BAD AIR SPONGE空气净化剂400g 2罐装,,209.06,21.06,64.23,0.64,1.28,1.93
HH00000040,美国魅可MAC哑光口红#CHILI 3g,,186.82,18.82,41.48,0.41,0.83,1.24
HH00000041,法国纪梵希Givenchy四宫格散粉12g #1,,442.58,44.58,85.97,0.86,1.72,2.58
HH00000042,法国纪梵希Givenchy四宫格散粉12g #2,,442.58,44.58,100.86,1.01,2.02,3.03
HH00000045,意大利Armani阿玛尼小胖丁唇釉#400,,376.97,37.97,30.49,0.3,0.61,0.91
HH00000047,澳洲澳佳宝Blackmores血糖平衡片90粒,,117.87,11.87,47.01,0.47,0.94,1.41
HH00000048,韩国PapaRecipe春雨洗面奶120ml,,75.62,7.62,16.23,0.16,0.32,0.49
HH00000049,韩国PapaRecipe春雨蜂蜜爽肤水200ml,,86.74,8.74,15.8,0.16,0.32,0.47
HH00000050,韩国PapaRecipe春雨蜂蜜乳液150ml,,86.74,8.74,15.8,0.16,0.32,0.47
HH00000051,韩国伊思its skin红参BB霜50ml,,120.1,12.1,40,0.4,0.8,1.2
HH00000056,美国雅诗兰黛Estee Lauder红石榴去黄排毒3件套,,998.58,100.58,221.98,2.22,4.44,6.66
HH00000057,台湾姬芮Za新能真皙美白防晒霜 35g,,72.28,7.28,14.01,0.14,0.28,0.42
HH00000060,澳洲澳羊倍护The Goat Skincare 麦卢卡蜂蜜山羊奶皂 100g,,32.25,3.25,4.25,0.04,0.09,0.13
HH00000061,澳洲澳羊倍护The Goat Skincare 柠檬山羊奶皂 100g,,32.25,3.25,13.94,0.14,0.28,0.42
HH00000064,"澳大利亚
澳芝曼G&M绵羊油晚霜250g",,61.16,6.16,31.21,0.31,0.62,0.94
HH00000066,日清奶酪味威化饼干 330g,,38.92,3.92,11.44,0.11,0.23,0.34
HH00000067,日清巧克力味威化饼干200g,,31.14,3.14,8.79,0.09,0.18,0.26
HH00000068,歌娜Gednat盐h腰果227G,,54.49,5.49,13.08,0.13,0.26,0.39
HH00000069,歌娜Gednat原味腰果 227G ,,54.49,5.49,13.08,0.13,0.26,0.39
HH00000070,歌娜Gednat蜂蜜腰果 227G ,,54.49,5.49,13.08,0.13,0.26,0.39
HH00000082,意大利 Armani阿玛尼 红管唇釉 #505,,331.38,33.38,56.54,0.57,1.13,1.7
HH00000083,意大利 Armani阿玛尼 红管唇釉 #507,,298.02,30.02,98.34,0.98,1.97,2.95
HH00000084,意大利 Armani阿玛尼 红管唇釉 #508,,298.02,30.02,103.44,1.03,2.07,3.1
HH00000086,意大利 Armani阿玛尼 红管唇釉 #503,,298.02,30.02,77.94,0.78,1.56,2.34
HH00000087,英国 Jo Malone祖马龙 蓝风铃香水30ml,,440.35,44.35,57.9,0.58,1.16,1.74
HH00000088,英国 Jo Malone祖马龙 英国梨香水30ml,,440.35,44.35,57.9,0.58,1.16,1.74
HH00000089,美国 MAC魅可哑光正红色Russian Red 子弹头口红3g,,186.82,18.82,32.01,0.32,0.64,0.96
HH00000090,法国 LANCOME兰蔻 天鹅颈睫毛膏 防水不晕染不晕妆 10g,,250.2,25.2,74.39,0.74,1.49,2.23
HH00000092,韩国 伊思蜗牛1号清爽乳140ml,,139,14,33.85,3.39,6.77,10.16
HH00000093,韩国 伊思蜗牛1号清爽水140ml,,139,14,21.32,2.13,4.26,6.4
HH00000094,韩国 伊思晶钻蜗牛保湿水2号 滋润型140ml,,150.12,15.12,44.64,0.45,0.89,1.34
HH00000095,韩国 伊思蜗牛2号滋润乳140ml,,150.12,15.12,44.64,0.45,0.89,1.34
HH00000096,韩国the Saem得鲜口红M03,,61.16,6.16,13.43,0.13,0.27,0.4
HH00000097,韩国 CLIO珂莱欧气垫BB 2号色,,150.12,15.12,39.54,0.4,0.79,1.19
HH00000103,意大利 Armani阿玛尼 红管唇釉 #400,,298.02,30.02,45.81,0.46,0.92,1.37
HH00000104,意大利 Armani阿玛尼 红管唇釉 #401,,298.02,30.02,47.34,0.47,0.95,1.42
HH00000105,韩国LEADERS丽得姿美蒂尤AMINO氨基酸面膜10片 新旧版随机发,,72.28,7.28,20.13,0.2,0.4,0.6
HH00000107,澳洲 Nature's Way佳思敏 维生素c+锌儿童软糖 60粒,,83.4,8.4,22.55,0.23,0.45,0.68
HH00000108,澳洲 Nature's Way佳思敏儿童钙+维生素D 60粒 ,,86.74,8.74,16.9,0.17,0.34,0.51
HH00000110,澳洲Blackmores澳佳宝圣洁莓女性荷尔蒙草本平衡片40片,,94.52,9.52,22.09,0.22,0.44,0.66
HH00000111,澳洲Swisse前列康片 50粒,,161.24,16.24,47.14,0.47,0.94,1.41
HH00000113,澳洲 Blackmores澳佳宝芹菜籽精华50粒,,95.63,9.63,21.21,0.21,0.42,0.64
HH00000114,日本 OMI近江兄弟 蓝色小熊冷感冰爽防晒霜,,38.92,3.92,11.6,0.12,0.23,0.35
HH00000115,日本 OMI近江兄弟 红色小熊超强抗紫外线防晒霜,,38.92,3.92,11.6,0.12,0.23,0.35
HH00000120,澳大利亚 Sukin苏芊 天然泡沫洗面奶 125ml ,,75.62,7.62,37.65,0.38,0.75,1.13
HH00000122,日本 Rosette诗留美屋无添加海泥洗面奶蓝色款 120g,,54.49,5.49,26.41,0.26,0.53,0.79
HH00000124,澳大利亚Sukin苏芊天然保湿乳液 125ml,,76.73,7.73,20.75,0.21,0.42,0.62
HH00000125,澳大利亚Sukin苏芊玫瑰果补湿日霜 120ml,,108.98,10.98,28.87,0.29,0.58,0.87
HH00000127,澳大利亚Sukin苏芊排毒眼部精华 30ml ,,139,14,73.62,0.74,1.47,2.21
HH00000128,法国 YSL圣罗兰圆管口红#13,,309.14,31.14,83.63,0.84,1.67,2.51
HH00000129,法国圣罗兰YSL黑丝缎保湿隔离妆前乳40ml,,409.22,41.22,94,0.94,1.88,2.82
HH00000130,法国 Dior迪奥烈艳蓝金唇膏#047,,254.65,25.65,40.97,0.41,0.82,1.23
HH00000134,美国EsteeLauder雅诗兰黛 粉底液 1W1,,375.86,37.86,104.48,1.04,2.09,3.13
HH00000135,美国EsteeLauder雅诗兰黛 粉底液 1W2,,375.86,37.86,84.08,0.84,1.68,2.52
HH00000136,德国 Herbacin贺本清小甘菊唇膏,,43.37,4.37,13.51,0.14,0.27,0.41
HH00000137,韩国A. by bom 超能婴儿桃花面膜5片/盒,,76.73,7.73,12.9,0.13,0.26,0.39
HH00000140,日本ARS安速 小黑帽蟑螂屋 2盒装,,105.64,10.64,16.79,0.17,0.34,0.5
HH00000141,韩国美迪惠尔MEDIHEAL可莱丝Line Friends I.P.I清澈透亮面膜 10片/盒,,98.97,9.97,17.46,0.17,0.35,0.52
HH00000143,韩国 SHANGPREE香蒲丽螺旋藻绿公主眼膜60片,,197.94,19.94,85.92,0.86,1.72,2.58
HH00000144,澳大利亚Elevit爱乐维叶酸片孕妇维生素营养 100粒,,376.97,37.97,65.78,0.66,1.32,1.97
HH00000145,澳大利亚Elevit爱乐维男士备孕胶囊 备孕营养素 90粒,,376.97,37.97,74.96,0.75,1.5,2.25
HH00000146,美国Moroccanoil摩洛哥护发油100ml ,,294.68,29.68,73.62,0.74,1.47,2.21
HH00000147,澳洲 美可卓Maxigenes宝宝儿童咀嚼奶片 蓝莓味 150粒,,105.64,10.64,30.05,0.3,0.6,0.9
HH00000148,日本PITTA MASK 口罩 黑灰色 3片/包,,54.49,5.49,14.1,0.14,0.28,0.42
HH00000149,日本 小林制药KOBAYASHI儿童润喉口罩 3只装 葡萄香型,,50.04,5.04,12.84,0.13,0.26,0.39
HH00000150,日本 小林制药KOBAYASHI儿童润喉型口罩3只装 汽水香型,,50.04,5.04,12.84,0.13,0.26,0.39
HH00000151,日本 小林制药KOBAYASHI儿童润喉型口罩3只装 草莓香型,,50.04,5.04,12.84,0.13,0.26,0.39
HH00000152,韩国香蒲丽SHANGPREE红红参果红公主眼膜60片,,142.34,14.34,35.17,0.35,0.7,1.06
HH00000153,韩国LG THE BODY 自然花园香水沐浴露 500ml,,53.38,5.38,13.04,0.13,0.26,0.39
HH00000155,日本嘉娜宝kracie肌美精深层美白面膜蓝色 5片/盒,,83.4,8.4,36.62,0.37,0.73,1.1
HH00000157,日本花王KAO清除餐具细菌异味油污洗洁精柠檬味240ml 2瓶装,,50.04,5.04,14.29,0.14,0.29,0.43
HH00000158,日本花王KAO强效除菌果蔬餐具洗涤剂中性清香型240ml 2瓶装,,53.38,5.38,12.81,0.13,0.26,0.38
HH00000161,日本Kose 高丝 胶原蛋白面膜 5片,,72.28,7.28,19.11,0.19,0.38,0.57
HH00000163,韩国 雪花秀滋阴5件套中样,,105.64,10.64,25.97,0.26,0.52,0.78
HH00000164,澳洲 Nature's Way佳思敏儿童复合维生素+蔬菜软糖 60粒,,86.74,8.74,25.72,0.26,0.51,0.77
HH00000165,澳洲 Nature's Way佳思敏 婴幼儿童DHA 澳洲护眼深海鱼油软胶囊180粒,,209.06,21.06,38.89,0.39,0.78,1.17
HH00000167,澳洲 Healthy Care卵磷脂1200mg 100粒 ,,87.85,8.85,38.29,0.38,0.77,1.15
HH00000168,日本花王乐而雅F系列夜用卫生巾30cm*10片（版本随机发送）,,44.48,4.48,8.58,0.09,0.17,0.26
HH00000169,日本花王乐而雅F系列日用卫生巾25cm*18片 2包装,,97.86,9.86,46.6,0.47,0.93,1.4
HH00000170,日本花王乐而雅F系列日用卫生巾22.5cm*20片 2包装,,94.52,9.52,38.6,0.39,0.77,1.16
HH00000171,日本花王乐而雅F系列夜用卫生巾34cm*9片 2包装,,77.84,7.84,21.55,0.22,0.43,0.65
HH00000172,日本花王乐而雅F系列日用卫生巾20.5cm*24片 2包装,,83.4,8.4,27.86,0.28,0.56,0.84
HH00000173,日本花王乐而雅S系列夜用卫生巾35cm*13片 2包装,,83.4,8.4,30.45,0.3,0.61,0.91
HH00000174,日本花王乐而雅S系列夜用卫生巾30cm*15片 3包装,,105.64,10.64,24.1,0.24,0.48,0.72
HH00000175,日本花王乐而雅S系列日用卫生巾20.5cm*32片 3包装,,117.87,11.87,47.75,0.48,0.96,1.43
HH00000176,日本花王乐而雅F系列夜用卫生巾40cm*7片 3包装,,97.86,9.86,21.73,0.22,0.43,0.65
HH00000177,日本花王 超薄瞬吸卫生巾 日用 带护翼（绿色）20.5cm*28 2包装,,98.97,9.97,20.52,0.21,0.41,0.62
HH00000179,日本花王 超薄瞬吸卫生巾 日用 带护翼（粉色）25cm*19 2包装,,98.97,9.97,20.52,0.21,0.41,0.62
HH00000180,日本花王 超薄瞬吸卫生巾 日用 无护翼（橙色）17cm*38 2包装,,98.97,9.97,20.52,0.21,0.41,0.62
HH00000181,日本花王 F系列 棉柔卫生巾 日用 无护翼（白底蓝花）22.5cm*26 2包装,,97.86,9.86,19.44,0.19,0.39,0.58
HH00000188,美国 丹碧丝Tampax 光芒系列卫生棉条 16支 超大流量夜用,,87.85,8.85,34.36,0.34,0.69,1.03
HH00000189,美国 丹碧丝Tampax 光芒系列卫生棉条 16支 大流量,,87.85,8.85,34.36,0.34,0.69,1.03
HH00000190,美国 丹碧丝Tampax 光芒系列卫生棉条 16支 普通流量,,87.85,8.85,34.36,0.34,0.69,1.03
HH00000229,澳大利亚 MORNING FRESH 清新早晨 柠檬味洗洁精 400毫升 高效超浓缩不伤手,,50.04,5.04,29.16,0.29,0.58,0.87
HH00000230,澳大利亚 MORNING FRESH 清新早晨 浓缩护手洗洁精 青柠味 400毫升,,46.7,4.7,25.92,0.26,0.52,0.78
HH00000252,美国 艾维诺Aveeno 天然燕麦全天候舒缓润肤乳 354ml,,87.85,8.85,17.46,0.17,0.35,0.52
HH00000253,"澳大利亚
澳芝曼G&M绵羊油深度滋润霜 250g",,54.49,5.49,16.14,0.16,0.32,0.48
HH00000254,澳洲 Healthy Care蜂胶2000mg200粒 ,,161.24,16.24,65.62,0.66,1.31,1.97
HH00000256,澳洲 unichi葡萄籽胶囊60粒 ,,173.47,17.47,55.05,0.55,1.1,1.65
HH00000257,美国 Skip Hop 防走失背包（蜜蜂）,,154.57,15.57,30.31,0.3,0.61,0.91
HH00000258,美国Skip Hop防走失背包（猴子）,,154.57,15.57,30.31,0.3,0.61,0.91
HH00000259,澳洲 Swisse瑞思 鱼油1500MG 400粒 ,,173.47,17.47,42.6,0.43,0.85,1.28
HH00000261,澳洲 Swisse瑞思 男性复合维生素120粒,,251.31,25.31,55.07,0.55,1.1,1.65
HH00000262,澳洲 Swisse瑞思 女士复合维生素片 120片,,240.19,24.19,54.77,0.55,1.1,1.64
HH00000263,澳洲 佰澳朗德BioIsland 袋鼠精胶囊 90粒,,110.09,11.09,27.23,0.27,0.54,0.82
HH00000264,日本 树之惠本铺天然树液足贴西柚30枚,,105.64,10.64,36.03,0.36,0.72,1.08
HH00000265,澳大利亚Swisse瑞思儿童益智补脑鱼油 90片,,97.86,9.86,28.62,0.39,0.79,1.18
HH00000266,澳洲Blackmores澳佳宝 维生素E 100粒,,220.18,22.18,54.45,0.54,1.09,1.63
HH00000271,日本KUMANO COSMETICS熊野油脂无硅天然弱酸性马油洗发水600ml,,53.38,5.38,17.1,0.17,0.34,0.51
HH00000272,日本KUMANO COSMETICS熊野油脂无硅天然弱酸性马油护发素600ml,,57.82,5.82,20.01,0.2,0.4,0.6
zrhz1000112,日本Unicharm尤妮佳超省水化妆棉 40枚,,28.91,2.91,9.68,0.1,0.19,0.29
zrhz1000125,法国YSL圣罗兰圆管口红 46#,,298.02,30.02,52.44,0.52,1.05,1.57
zrrh1000003,英国Dimples杜碧斯脱毛膏泡沫喷雾摩丝慕斯200ml 玫瑰味,,51.15,5.15,8.82,0.09,0.18,0.26
zrmyfs100010,美国Gerber嘉宝3段全麦苹果蓝莓米粉227g,,43.37,4.37,10.57,0.11,0.21,0.32
HH00000273,德国Balea芭乐雅玻尿酸安瓶浓缩精华提拉紧致定妆安瓶 7支/盒,,72.28,7.28,18.46,0.18,0.37,0.55
HH00000274,英国Tangle ANGEL天使美发梳中号（石墨黑）,,97.86,9.86,32.14,0.32,0.64,0.96
HH00000275,英国Tangle ANGEL天使美发梳中号（紫色）,,97.86,9.86,32.14,0.32,0.64,0.96
HH00000276,英国Tangle ANGEL天使美发梳中号（紫红色）,,97.86,9.86,32.14,0.32,0.64,0.96
zrhz1000211,韩国Holika惑丽客猪鼻贴10片装,,108.98,10.98,22.48,0.22,0.45,0.67
HH00000277,英国Tangle ANGEL天使美发梳中号（橘色）,,97.86,9.86,32.14,0.32,0.64,0.96
HH00000278,英国Tangle ANGEL天使美发梳中号（石松绿）,,97.86,9.86,32.14,0.32,0.64,0.96
HH00000281,日本SK-II 温和氨基酸洁面乳120g,,431.46,43.46,68.66,0.69,1.37,2.06
HH00000282,美国Earth Mama Angel Baby/地球妈妈天使宝宝 护臀霜 60ml,,120.1,12.1,39.18,0.18,0.35,0.53
HH00000283,美国Aveeno艾维诺燕麦润肤霜141g 深蓝,,64.5,6.5,9.3,0.09,0.19,0.28
HH00000284,韩国papa recipe春雨粉色玫瑰面膜 5片/盒,,94.52,9.52,26.4,0.26,0.53,0.79
HH00000285,德国Zirkulin/哲库林 无糖型蜂胶润喉止咳糖 30粒/盒,,72.28,7.28,26.05,0.26,0.52,0.78
HH00000286,德国Penaten贝娜婷婴幼儿护肤霜 面霜100ml,,68.94,6.94,21.99,0.22,0.44,0.66
HH00000288,法国LANCOME兰蔻 新清滢嫩肤水400ml 蓝水,,328.04,33.04,42.49,0.42,0.85,1.27
HH00000290,美国Maybelline/美宝莲 橡皮擦遮瑕笔120# 6ml,,94.52,9.52,11.1,0.11,0.22,0.33
HH00000292,日本Quality First/皇后的秘密 收缩毛孔面膜 5片,,83.4,8.4,38.06,0.38,0.76,1.14
zrrh1000039,澳洲Goat原味沐浴露 500ml,,83.4,8.4,29.9,0.3,0.6,0.9
HH00000126,澳大利亚Sukin苏芊保湿修复晚霜 120ml,,108.98,10.98,42.28,0.42,0.85,1.27
HH00000016,日本Okamoto冈本002避孕套超薄大码安全套6只装,,83.4,8.4,49.07,0.49,0.98,1.47
zrhz1000146,韩国Innisfree悦诗风吟火山泥毛孔清洁面膜100ml,,105.64,10.64,21.89,0.22,0.44,0.66
HH00000294,澳洲 freeze frame 眼霜15ml,,254.65,25.65,52.19,0.52,1.04,1.57
HH00000295,澳洲freeze frame 丰胸霜100ml,,265.77,26.77,59.92,0.6,1.2,1.8
HH00000296,澳洲 NAIR脱毛膏 150g,,75.62,7.62,23.37,0.23,0.47,0.7
HH00000297,日本 CANMAKE井田花瓣雕刻五色腮红1#桃花芙蓉 4g,,94.52,9.52,27.54,0.28,0.55,0.83
HH00000301,日本KAO花王蒸汽腰腹热敷贴暖宫贴痛经贴5片装,,57.82,5.82,10.7,0.11,0.21,0.32
zrhz1000122,法国YSL圣罗兰镜光纯色唇釉 12#,,298.02,30.02,62.64,0.63,1.25,1.88
zrrh1000076,阿迪达斯男士冰点香水100ML,,73.39,7.39,21.21,0.21,0.42,0.64
HH00000303,日本KIRIBAI桐灰改善腰部血流蒸汽热帖腰贴 10片/盒,,75.62,7.62,13.17,0.13,0.26,0.4
HH00000304,日本PITTA MASK 口罩 白色 3片/包,,64.5,6.5,24.81,0.25,0.5,0.74
HH00000305,日本SANTEN-FX参天玫瑰Beauteye眼药水12ml,,120.1,12.1,37.57,0.38,0.75,1.13
HH00000306,日本Goo.n/大王 防雾霾PM2.5口罩 成人通用款 7枚装,,38.92,3.92,11.5,0.12,0.23,0.35
HH00000307,日本Goo.n/大王 防雾霾PM2.5口罩 儿童款 7枚装,,38.92,3.92,10.9,0.11,0.22,0.33
HH00000308,日本Goo.n/大王 防雾霾PM2.5口罩 女性款 7枚装,,38.92,3.92,11.5,0.12,0.23,0.35
HH00000310,日本PITTA MASK 儿童口罩 男孩（蓝色+灰色+绿色）3枚/袋,,64.5,6.5,16.66,0.17,0.33,0.5
HH00000311,日本PITTA MASK 儿童口罩 女孩（粉色+黄色+蓝色）3枚/袋,,64.5,6.5,16.66,0.17,0.33,0.5
HH00000313,日本kracie嘉娜宝肌美精保湿收缩毛孔黑面膜 黑色 4片装,,66.72,6.72,21.88,0.22,0.44,0.66
HH00000098,泰国 Mistine红管眼线笔,,72.28,7.28,30.33,0.3,0.61,0.91
zrhz1000173,法国LANCOME兰蔻新水份缘保湿舒缓ㄠ200ml,,283.56,28.56,44.21,0.44,0.88,1.33
HH00000314,日本山本汉方 大麦若叶青汁粉末 44袋装,,83.4,8.4,11.89,0.12,0.24,0.36
HH00000315,韩国it's skin伊思红参蜗牛滚珠眼霜15ml 2支装,,197.94,19.94,44.1,0.44,0.88,1.32
HH00000316,泰国Beauty Buffet牛奶美白洗面奶100ml 2支装,,54.49,5.49,17.16,0.17,0.34,0.51
HH00000317,韩国Dr.jart+蒂佳婷灰色药丸面膜5片/盒,,86.74,8.74,17.62,0.18,0.35,0.53
HH00000318,澳洲G&M绵羊油护手霜100g,,43.37,4.37,15.55,0.16,0.31,0.47
HH00000319,德国balea芭乐雅 7天焕肤玻尿酸浓缩精华安瓶,,75.62,7.62,20.45,0.2,0.41,0.61
HH00000320,日本Kose高丝维他命C美白面膜5片/盒,,72.28,7.28,21.15,0.21,0.42,0.63
HH00000321,AHC 玻尿酸神仙水乳套装,,186.82,18.82,31.28,0.31,0.63,0.94
HH00000322,澳洲Nutrition care 养胃粉150g,,220.18,22.18,68.73,0.69,1.37,2.06
HH00000324,法国Bioderma贝德玛卸妆水500ml蓝水,,120.1,12.1,28.06,0.28,0.56,0.84
HH00000326,日本KAO花王油污清洗剂泡沫型400ml 2瓶装,,83.4,8.4,16.98,0.17,0.34,0.51
zrrh1000042,澳洲Morning Fresh洗洁精澳橙茶树味400ml,,38.92,3.92,18.37,0.18,0.37,0.55
ZRMYYP100043,日本VAPE hello kitty驱蚊手表60日份,,142.34,14.34,42.19,0.42,0.84,1.27
zrbj000011,德国Doppelherz双心银杏叶精华胶囊40粒,,94.52,9.52,21.53,0.22,0.43,0.65
zrbj000021,美国Childlife童年时光维生素C补充液118.5ml ,,97.86,9.86,52.7,0.53,1.05,1.58
HH00000013,日本膳魔师THERMOS真空超轻保温杯JNL-502-SBR玫红500ml,,220.18,22.18,37.48,0.37,0.75,1.12
zrbj000042,美国Childlife童年时光纯净DHA胶囊益智补脑浆果风味90粒,,105.64,10.64,48.44,0.48,0.97,1.45
zrhz1000086,日本Loshi北海道马油 身体乳 485ml,,53.38,5.38,12.86,0.13,0.26,0.39
HH00000330,法国兰蔻Lancome 小黑瓶 精华肌底液100ml,,998.58,100.58,130.18,1.3,2.6,3.91
HH00000331,法国兰蔻Lancome 小黑瓶 升级精华肌底液50ml,,695,70,89.77,0.9,1.8,2.69
HH00000333,花王Curel珂润眼部保湿美容液紧致眼霜20g,,175.7,17.7,38.78,0.39,0.78,1.16
zrhz1000054,荷兰Jacob Hooy雅歌布玫瑰水500ml,,83.4,8.4,34.14,0.34,0.68,1.02
HH00000335,新西兰 Read Seal红印小苏打牙膏100G ,,42.26,4.26,19.57,0.2,0.39,0.59
HH00000336,澳洲 A'kin爱茵 橙花沐浴露 500ml,,164.58,16.58,42.34,0.42,0.85,1.27
HH00000337,澳洲 A'kin 爱茵檀香沐浴露 500ml,,164.58,16.58,42.34,0.42,0.85,1.27
HH00000338,澳洲 A'kin爱茵 熏衣草沐浴露 500ml,,164.58,16.58,42.34,0.42,0.85,1.27
HH00000339,澳洲 EGO意高 QV婴儿保湿润肤膏 250g,,97.86,9.86,28.18,0.28,0.56,0.85
HH00000340,日本 KISS YOU 负离子牙刷普通硬度紧凑型 颜色随机,,46.7,4.7,12.15,0.12,0.24,0.36
HH00000342,日本 Weight Control Ring 美腿脚环瘦腿环 燃烧脂肪 L,,72.28,7.28,16.05,0.16,0.32,0.48
HH00000344,澳大利亚Goat Soap山羊皂羊奶皂100g 坚果味,,32.25,3.25,14.64,0.15,0.29,0.44
HH00000346,韩国DIA FORCE GOLD钻石贵妇黄金眼膜 60片,,94.52,9.52,22.32,0.22,0.45,0.67
HH00000348,韩国Ryoe吕 绿吕洗发水 400ML,,53.38,5.38,11.67,0.12,0.23,0.35
HH00000349,日本大创Daiso水乳精华套装（水+乳+精华液）,,87.85,8.85,31.11,0.31,0.62,0.93
zrrh1000027,日本 小林制药KOBAYASHI眼药水护眼缓解疲劳消炎500ml（清凉度3-4度）,,127.88,12.88,43.51,0.44,0.87,1.31
zrrh1000034,澳洲Lamisil cream脚气膏15g,,94.52,9.52,18.24,0.18,0.36,0.55
zrrh1000043, Grans remedy老奶奶臭脚粉原味50g,,84.51,8.51,30.97,0.31,0.62,0.93
HH00000118,澳大利亚 Sukin苏芊 天然玫瑰保湿喷雾爽肤水 125ml ,,76.73,7.73,38.73,0.39,0.77,1.16
HH00000036,韩国iope亦博气垫N21,,220.18,22.18,55.47,0.55,1.11,1.66
HH00000361,美国美狮宝Prince Lionheart 多彩硅胶涂画餐垫 40*30cm 城市,,165.69,16.69,46.87,0.47,0.94,1.41
HH00000362,德国泰瑞美汉高Theramed 站立式牙膏 3支套装,,72.28,7.28,13.04,0.13,0.26,0.39
HH00000363,美国小鼻子Little Remedies婴儿防肠胃胀气肠绞痛 腹痛吐奶西甲硅油30ml,,83.4,8.4,21.21,0.21,0.42,0.64
HH00000368,美国麦肯齐Munchkin超软硅胶小勺子2个装,,75.62,7.62,32.55,0.33,0.65,0.98
HH00000372,澳大利亚意高EGO QV 婴儿温和洁肤润露 洗护沐浴二合一 250g,,83.4,8.4,27.17,0.27,0.54,0.82
HH00000375,日本BabySmile儿童软毛音波电动牙刷（粉色),,186.82,18.82,30.93,0.31,0.62,0.93
HH00000377,日本 嘉娜宝 Kracie 肌美精 药用抹茶祛痘保湿面膜 15毫升/片 5片装,,83.4,8.4,30.17,0.3,0.6,0.91
HH00000379,日本高丝KOSE皇家豪华版Clear Turn果冻面膜玻尿酸 4片,,72.28,7.28,23.59,0.24,0.47,0.71
HH00000380,日本 PROPOLINSE 比那氏除口臭杀菌漱口水100ml,,42.26,4.26,11.95,0.12,0.24,0.36
HH00000384,日本花王FLAIR抗皱消臭防静电衣物柔顺型洗衣液 缤纷水果570ml,,83.4,8.4,41.2,0.41,0.82,1.24
HH00000386,日本资生堂惠润柔净绿野芳香洗发水 600ml,,68.94,6.94,14.7,0.15,0.29,0.44
HH00000387,韩国Mediheal美迪惠尔可莱丝胶原蛋白面膜10片/盒,,108.98,10.98,20.83,0.21,0.42,0.62
HH00000391,韩国Mediheal美迪惠尔可莱丝P.D.F祛痘镇静舒缓面膜 10片装,,108.98,10.98,21.3,0.21,0.43,0.64
HH00000398,日本Kao花王无香护垫72片 3包装,,97.86,9.86,30.57,0.31,0.61,0.92
HH00000402,西班牙BYPHASSE蓓昂斯氨基酸温和保湿洁面乳 500ml,,72.28,7.28,18.57,0.19,0.37,0.56
HH00000403,西班牙BYPHASSE蓓昂斯蓝白卸妆湿巾 25片装,,53.38,5.38,10.98,0.11,0.22,0.33
HH00000404,西班牙BYPHASSE蓓昂斯牛奶蛋白卸妆巾 25片装,,53.38,5.38,10.98,0.11,0.22,0.33
HH00000405,西班牙BYPHASSE蓓昂斯粉白卸妆湿巾 25片装,,53.38,5.38,10.98,0.11,0.22,0.33
HH00000408,韩国SNP JELLY VITA维他命ㄠ补水面膜 30毫升/片 10片装,,97.86,9.86,24.54,0.25,0.49,0.74
HH00000410,韩国SNP海洋燕窝眼膜贴60片/盒 新款 黄金胶原蛋白眼膜,,120.1,12.1,54.23,0.54,1.08,1.63
HH00000411,资生堂丝蓓绮紫色椿树护发素500ml,,85.62,8.62,29.92,0.3,0.6,0.9
HH00000412,日本资生堂UNO男士劲爽磨砂洗面奶130g,,50.04,5.04,23.04,0.23,0.46,0.69
HH00000414,日本资生堂TSUBAKI丝蓓绮红色椿树 护发素500ml,,87.85,8.85,17.98,0.18,0.36,0.54
HH00000415,日本资生堂 ANESSA 温和脸部面部防晒乳SPF46 白瓶35ml,,220.18,22.18,44.25,0.44,0.89,1.33
HH00000416,日本资生堂UNO男士控油祛痘洗面奶 130g,,50.04,5.04,21.24,0.21,0.42,0.64
HH00000418,日本资生堂六角眉笔4号灰色,,32.25,3.25,7.24,0.07,0.14,0.22
HH00000419,日本资生堂六角眉笔1号黑色,,32.25,3.25,7.82,0.08,0.16,0.23
HH00000420,日本Shiseido资生堂水之印五合一面霜90ml,,153.46,15.46,41.82,0.42,0.84,1.25
HH00000421,日本 Shiseido/资生堂眼部精华 红妍肌活眼部精华露 水润柔滑 保湿补水 提拉 15ml,,475.94,47.94,58.76,0.59,1.18,1.76
HH00000422,日本SHISEIDO资生堂安全型修眉刀3支,,38.92,3.92,13.19,0.13,0.26,0.4
HH00000423,日本资生堂611棉花糖SHISEIDO 补水瘦脸拍拍棒1支,,53.38,5.38,8.94,0.09,0.18,0.27
HH00000425,日本 SHISEIDO 资生堂迷你睫毛夹1个,,86.74,8.74,20.79,0.21,0.42,0.62
HH00000427,韩国春雨布丁果冻面霜135ML 蜂蜜补水睡眠面膜,,164.58,16.58,42.34,0.42,0.85,1.27
HH00000428,韩国水光JAYJUN植物干细胞保湿面膜白色10片/盒,,116.76,11.76,24.15,0.24,0.48,0.72
HH00000429,韩国水光JAYJUN红玫瑰面膜10片/盒,,105.64,10.64,27.87,0.28,0.56,0.84
HH00000430,韩国水光JAYJUN黄金雪花黑面膜5片/盒,,120.1,12.1,28.25,0.28,0.57,0.85
HH00000432,韩国香蒲丽SHANGPREE黄金水光绿色面膜5片/盒,,175.7,17.7,35.77,0.36,0.72,1.07
HH00000433,韩国水光面膜新品JAYJUN抗雾霾水光补水面膜10片/盒,,127.88,12.88,31.75,0.32,0.64,0.95
HH00000434,澳洲Eaoron水光针胶原蛋白补水面膜 5片装,,120.1,12.1,35.88,0.36,0.72,1.08
HH00000435,澳洲Eaoron水光针光速补水美白面膜 5片装,,142.34,14.34,25.33,0.25,0.51,0.76
HH00000438,韩国兰芝滋润水乳套装,,389.2,39.2,104.37,1.04,2.09,3.13
HH00000441,韩国雪花秀洁面泡沫200ml,,221.29,22.29,47.04,0.47,0.94,1.41
HH00000442,韩国雪花秀精华露60ml,,509.3,51.3,101.32,1.01,2.03,3.04
HH00000444,韩国雪花秀玉容撕拉面膜50ML,,97.86,9.86,33.72,0.34,0.67,1.01
HH00000445,韩国雪花秀雨润夜间修护面膜30ml,,72.28,7.28,22.38,0.22,0.45,0.67
HH00000447,韩国雪花秀Sulwhasoo 滋阴水乳套盒 滋阴水乳+润燥精华三件套装,,1390,140,428.26,4.28,8.57,12.85
HH00000449,日本莎娜SANA 豆乳美白保湿滋润霜 50g,,94.52,9.52,32.28,0.32,0.65,0.97
HH00000451,日本莎娜豆乳sana美肤化妆水200ml,,97.86,9.86,49.51,0.5,0.99,1.49
HH00000452,日本莎娜sana豆乳美肤浓润化妆水200ml,,97.86,9.86,37.62,0.38,0.75,1.13
HH00000454,美国汤姆福特Tom Ford TF哑光黑管黑金唇膏口红 07#RUBY RUSH,,398.1,40.1,31.52,0.32,0.63,0.95
HH00000455,美国汤姆福特Tom Ford TF 哑光黑管黑金唇膏口红 10#CHERRYLUSH,,375.86,37.86,67.56,0.68,1.35,2.03
HH00000457,美国汤姆福特Tom Ford TF 黑金黑管口红/唇膏 热卖色16#SCARLET ROUGE,,375.86,37.86,43.28,0.43,0.87,1.3
HH00000462,日本诗留美屋Rosette洗面奶毛孔清洁洁面乳 黄色120g,,61.16,6.16,27.5,0.28,0.55,0.83
HH00000463,日本 ROSETTE 诗留美屋冰河泥洗面奶120g,,61.16,6.16,18.74,0.19,0.37,0.56
HH00000465,日本诗留美屋ROSETTE马油洁面膏120g,,54.49,5.49,12.67,0.13,0.25,0.38
HH00000466,日本诗留美屋Rosette去角质凝胶红色120g,,61.16,6.16,21.7,0.22,0.43,0.65
HH00000467,日本SPC蛇毒提拉紧致面膜50片,,83.4,8.4,28.99,0.29,0.58,0.87
HH00000468,日本 SPC薏米种子提取物面膜50片,,86.74,8.74,23.41,0.23,0.47,0.7
HH00000476,日本lion狮王防皱柔软剂650ml,,54.49,5.49,9.48,0.09,0.19,0.28
HH00000477,日本lion狮王蓬松感型柔软剂650ml,,54.49,5.49,9.48,0.09,0.19,0.28
HH00000478,日本lion狮王香味除臭柔软剂650ml,,53.38,5.38,11.83,0.12,0.24,0.35
HH00000479,日本lion狮王Look厕所用除菌抗菌清洁喷雾250ml,,53.38,5.38,11.83,0.12,0.24,0.35
HH00000481,日本 LION 狮王珍珠美白牙膏130g,,41.14,4.14,8.86,0.09,0.18,0.27
HH00000482,日本 KAO 花王药用纳米美白牙膏115g,,54.49,5.49,8.99,0.09,0.18,0.27
HH00000483,日本花王厨房泡沫漂白喷雾剂400ml,,43.37,4.37,8.9,0.09,0.18,0.27
HH00000484,英国芳芯femfresh女性护理液 百合,,52.26,5.26,9.4,0.09,0.19,0.28
HH00000488,日本 KOBAYASHI 小林制药除菌清洁马桶坐便湿巾10片,,35.58,3.58,9.27,0.09,0.19,0.28
HH00000489,日本 KOBAYASHI 小林制药下水道头发过滤网16片,,46.7,4.7,9.38,0.09,0.19,0.28
HH00000494,澳洲Swisse控制食欲维生素 减肥 50粒,,186.82,18.82,46.55,0.47,0.93,1.4
HH00000495,澳洲Swisse蜂胶胶囊 210粒,,186.82,18.82,53.72,0.54,1.07,1.61
HH00000496,澳洲Swisse辅酶Q10软胶囊150mg 50片,,164.58,16.58,38.26,0.38,0.77,1.15
HH00000498,澳洲swisse芹菜籽精华胶囊50粒,,97.86,9.86,25.99,0.26,0.52,0.78
HH00000499,澳洲Swisse 大豆卵磷脂软胶囊 150粒/瓶,,131.22,13.22,35.27,0.35,0.71,1.06
HH00000508,美国嘉宝Gerber田园番茄泡芙条42g（新旧包装随机发货）,,38.92,3.92,8.86,0.09,0.18,0.27
HH00000511,美国嘉宝Gerber香蕉磨牙饼干 142g,,38.92,3.92,15.58,0.16,0.31,0.47
HH00000515,美国加州宝宝驱虫液儿童防蚊防虫喷雾剂59ml,,73.39,7.39,21.45,0.21,0.43,0.64
HH00000516,日本狮王面包超人儿童草莓味牙膏40g,,32.25,3.25,8.45,0.08,0.17,0.25
HH00000519,德国施巴Sebamed婴幼儿洗发沐浴二合一200ml,,75.62,7.62,23.23,0.23,0.46,0.7
HH00000520,德国施巴婴儿柔润保湿面霜75ml,,83.4,8.4,23.19,0.23,0.46,0.7
HH00000525,法国圣罗兰YSL迷魅方管口红唇膏3.8g 27#玫红,,286.9,28.9,45.73,0.46,0.91,1.37
HH00000526,韩国AHC黄金锡纸面膜5片/盒,,142.34,14.34,24.54,0.25,0.49,0.74
HH00000527,韩国AHC玻尿酸竹子补水保湿面膜 5片装,,106.75,10.75,25.8,0.26,0.52,0.77
HH00000528,韩国 AHC B5 玻尿酸高效水合哩精华 50ML,,199.05,20.05,36.3,0.36,0.73,1.09
HH00000529,韩国AHC金箔水溶黄金玻尿酸爽肤水 140ml,,186.82,18.82,57.74,0.58,1.15,1.73
HH00000530,韩国AHC 洗面奶洁面 B5玻尿酸卸妆膏200ml,,142.34,14.34,48.77,0.49,0.98,1.46
HH00000534,韩国Whoo 后 拱辰享水妍洗面奶泡沫洁面乳 180ml,,227.96,22.96,71.18,0.71,1.42,2.14
HH00000166,澳洲 Nature's Way佳思敏儿童钙+维D3咀嚼软胶囊50粒,,110.09,11.09,42.27,0.42,0.85,1.27
zrrh1000004,英国Dimples杜碧斯脱毛膏泡沫喷雾摩丝慕斯200ml 柠檬香,,64.5,6.5,21.76,0.22,0.44,0.65
HH00000031,韩国爱丽小屋Etude House 双头高光修容棒1#,,77.84,7.84,9.2,0.09,0.18,0.28
HH00000269,日本Propolinse比那氏樱花复合漱口水600ml,,73.39,7.39,13.32,0.13,0.27,0.4
HH00000385,法国Eric Favre埃里克MassGainer乳清蛋白粉香草味1.1kg/罐,,242.42,24.42,61.15,0.61,1.22,1.83
zrhz1000183,日本CosmeDecorte黛珂紫苏水150ml,,386.98,38.98,91.34,0.91,1.83,2.74
HH00000535,日本纯微笑Pure Smile choosy滋润嘴唇水嫩唇膜 水蜜桃味 20片/盒,,153.46,15.46,31.15,0.31,0.62,0.93
HH00000537,日本纯微笑Pure Smile choosy滋润嘴唇水嫩唇膜 薄荷巧克力味 5片/盒,,52.26,5.26,9.08,0.09,0.18,0.27
HH00000538,日本纯微笑Pure Smile珍珠系列choosy滋润嘴唇水嫩唇膜 金珍珠5片/盒,,52.26,5.26,30.89,0.31,0.62,0.93
HH00000541,澳洲swisse 小黄瓜卸妆水 300ML,,75.62,7.62,22.83,0.23,0.46,0.68
HH00000542,澳洲 Swisse 玫瑰果油滋润护手霜（100ml）保湿不油腻,,97.86,9.86,46.98,0.47,0.94,1.41
HH00000544,澳洲 Swisse 维生素E保湿面霜 125ml,,75.62,7.62,18.57,0.19,0.37,0.56
HH00000545,澳洲 Swisse 甜杏仁洁面霜 125ml,,64.5,6.5,17.44,0.17,0.35,0.52
HH00000548,澳洲 Swisse 辅酶Q10保湿日霜50ml,,120.1,12.1,31.1,0.31,0.62,0.93
HH00000550,日本城野医生labo 深层洁净泡沫洁面乳120g,,142.34,14.34,35.36,0.35,0.71,1.06
HH00000554,韩国雪花秀滋阴4件套水乳精华面霜套装,,94.52,9.52,25.38,0.25,0.51,0.76
HH00000556,美国科颜氏kiehls高效保湿水250ml,,183.48,18.48,28.04,0.28,0.56,0.84
HH00000558,美国科颜氏Kiehl’s 黄瓜植物精华爽肤水 250ml,,186.82,18.82,28.22,0.28,0.56,0.85
HH00000559,美国科颜氏/Kiehl's清爽ㄠ面霜50ml,,264.66,26.66,46.6,0.47,0.93,1.4
HH00000560,日本膳魔师THERMOS真空保温杯JNL-503 CRG 0.5L黄色,,220.18,22.18,48.73,0.49,0.97,1.46
HH00000563,日本膳魔师THERMOS焖烧杯 300Ml黄色  JBQ-300 BNN,,242.42,24.42,46.81,0.47,0.94,1.4
HH00000570,法国圣罗兰YSL 新款黑管唇釉液体唇膏 405#,,309.14,31.14,24.47,0.24,0.49,0.73
HH00000571,韩国AHC B5玻尿酸套装 24K黄金玻尿酸三件套礼盒,,553.78,55.78,127.13,1.27,2.54,3.81
HH00000572,法国纪梵希Givenchy高级定制小羊皮唇膏205#正玫红,,298.02,30.02,31.75,0.32,0.64,0.95
HH00000581,日本小林制药强效祛疤膏15g,,97.86,9.86,12.99,0.13,0.26,0.39
HH00000582,法国纪梵希Givenchy禁忌之吻魔力粉黑管变色口红04#（两种包装随机发货）,,294.68,29.68,86.94,0.87,1.74,2.61
HH00000584,法国纪梵希Givenchy高级定制小羊皮唇膏210芭比粉,,316.92,31.92,50.09,0.5,1,1.5
HH00000585,法国纪梵希Givenchy高级定制小羊皮唇膏204#樱桃玫瑰,,316.92,31.92,42.52,0.43,0.85,1.28
HH00000586,法国纪梵希Givenchy高级定制小羊皮唇膏 202#优雅裸粉,,316.92,31.92,50.09,0.5,1,1.5
HH00000587,法国馥蕾诗Fresh玫瑰润泽爽肤水250ml,,353.62,35.62,98.21,0.98,1.96,2.95
HH00000588,法国馥蕾诗Fresh澄糖黄糖磨砂面膜125g,,498.18,50.18,133.17,1.33,2.66,4
HH00000590,法国 fresh 馥蕾诗玫瑰润泽密集保湿面霜50ml 补水锁水保湿,,375.8,37.86,56.63,0.57,1.13,1.7
HH00000593,法国贝德玛Bioderma 卸妆水旅行装100ml粉水 版本随机,,83.4,8.4,11.54,0.12,0.23,0.35
HH00000595,日本北海道Loshi 马油面霜220g,,42.26,4.26,8.68,0.09,0.17,0.26
HH00000598,泰国Beauty Buffet Q10牛奶乳液 150ml,,83.4,8.4,12.78,0.13,0.26,0.38
HH00000600,日本 UTENA 佑天兰matomage束发造型膏13g,,54.49,5.49,13.73,0.14,0.27,0.41
HH00000601,日本 UTENA 佑天兰KOGAOH 保湿紧致CCㄠ01明亮色 30g,,108.98,10.98,39.41,0.39,0.79,1.18
HH00000602,日本 UTENA 佑天兰PURESA维c美白保湿面膜5片,,72.28,7.28,26.25,0.26,0.53,0.79
HH00000603,日本 UTENA 佑天兰超保湿面膜玻尿酸 1片装,,42.26,4.26,8.73,0.09,0.17,0.26
HH00000604,日本 Utena 佑天兰艳肌胶原蛋白面膜4片装,,65.61,6.61,17.74,0.18,0.35,0.53
HH00000605,日本 UTENA 佑天兰超保湿面膜胶原蛋白 1片装,,43.37,4.37,7.39,0.07,0.15,0.22
HH00000606,日本 UTENA 佑天兰超保湿面膜金色 1片装,,44.48,4.48,4.39,0.04,0.09,0.13
HH00000610,法国迪奥Dior 瘾诱漆光黑管魅惑釉唇膏 3.2g 色号550,,286.9,28.9,37.57,0.38,0.75,1.13
HH00000611,法国迪奥Dior 瘾诱漆光黑管魅惑釉唇膏 3.2g 色号554,,286.9,28.9,42.69,0.43,0.85,1.28
HH00000613,法国迪奥Dior 瘾诱漆光黑管魅惑釉唇膏 3.2g 色号877,,264.66,26.66,52.72,0.53,1.05,1.58
HH00000617,法国Dior迪奥香水 旷野Sauvage男士淡香水  100ML,,731.7,73.7,97.75,0.98,1.96,2.93
HH00000621,法国迪奥Dior金色女郎真我女士浓香水50ML EDP,,776.18,78.18,96.61,0.97,1.93,2.9
HH00000633,荷兰雅歌布Jacob Hooy 天然洋甘菊防晒保湿紧致日霜 150ml,,65.61,6.61,17.99,0.18,0.36,0.54
HH00000635,日本LION狮王洗面奶控油祛痘去痘痘粉刺暗疮产品洁面乳膏80g,,86.74,8.74,15.72,0.16,0.31,0.47
HH00000637,日本皇后的面膜qualityfirst美白面膜5片,,72.28,7.28,27.17,0.27,0.54,0.82
HH00000638,日本皇后的秘密quality first多效合一美白眼膜60枚,,139,14,42.82,0.43,0.86,1.28
HH00000648,日本 ROHTO 乐敦白润美白化妆水爽肤水170ML,,83.4,8.4,20.96,0.21,0.42,0.63
HH00000658,韩国LG 睿嫣ReEn润膏 燕窝二合一洗发水 250ml,,64.5,6.5,13.6,0.14,0.27,0.41
HH00000659,意大利宝格丽（BVLGARI）紫晶纯香女士淡香水40ml,,220.18,22.18,31.93,0.32,0.64,0.96
HH00000671,美国伊丽莎白雅顿第五大道淡香水 125ml,,220.18,22.18,51.39,0.51,1.03,1.54
HH00000672,美国伊丽莎白雅顿绿茶香水50ML,,108.98,10.98,34.31,0.34,0.69,1.03
HH00000673,美国伊丽莎白雅顿银级眼霜 15ML,,164.58,16.58,43.36,0.43,0.87,1.3
HH00000674,美国伊丽莎白雅顿银级爽肤水150ML,,164.58,16.58,42.34,0.42,0.85,1.27
HH00000675,泰国Mistine Wings羽翼粉饼 S1#,,65.61,6.61,22.56,0.23,0.45,0.68
HH00000676,泰国Mistine Wings羽翼粉饼 S2#,,65.61,6.61,21.82,0.22,0.44,0.65
HH00000677,泰国正品 Mistine 大地色12色眼影盘,,65.61,6.61,15.91,0.16,0.32,0.48
HH00000679,泰国Mistine24小时不易脱妆粉底液 F1象牙白,,62.27,6.27,13.48,0.23,0.46,0.7
HH00000680,泰国Mistine24小时不易脱妆粉底液 F2自然色,,62.27,6.27,13.48,0.23,0.46,0.7
HH00000687,安娜苏(Anna Sui)幻境奇缘女士淡香水 50ml,,220.18,22.18,63.29,0.63,1.27,1.9
zrhz1000160,美国kiehl's科颜氏高保湿蛋白面霜125ml,,431.46,43.46,79.88,0.8,1.6,2.4
zrmyznk1000009,日本Merries花王拉拉裤L44,,120.1,12.1,34.71,0.35,0.69,1.04
zrmyznk1000010,日本Merries花王拉拉裤L44 2包装,,186.82,18.82,23.5,0.24,0.47,0.71
HH00000059,澳大利亚Gumption清洁膏绿色 500g,,76.73,7.73,42.81,0.43,0.86,1.28
zrmyznk1000007,日本Merries花王纸尿裤M64,,127.88,12.88,42.26,0.42,0.85,1.27
zrhz1000051,韩国雪花秀Sulwhasoo经典版气垫BB霜13# 带替换装,,320.26,32.26,45.76,0.46,0.92,1.37
zrmyfs100022,"美国Gerber嘉宝酸奶溶豆草莓	",,47.82,4.82,8.64,0.09,0.17,0.26
HH00000046,意大利Armani阿玛尼小胖丁唇釉#402,,375.86,37.86,41.31,0.41,0.83,1.24
HH00000085,意大利 Armani阿玛尼 红管唇釉 #501,,298.02,30.02,50.4,0.5,1.01,1.51
zrmyfs100012,美国Gerber嘉宝4段香蕉草莓苹果米粉227g,,53.38,5.38,13.67,0.14,0.27,0.41
HH00000450,日本莎娜SANA  豆乳美肌美白保湿乳液 超人气美白圣品 150ml,,86.74,8.74,34.28,0.34,0.69,1.03
HH00000464,日本诗留美屋Rosette药用硫磺洁面膏洗面奶蓝色款90g,,64.5,6.5,18.32,0.18,0.37,0.55
HH00000513,美国加州宝宝预防感冒婴儿桉树沐浴露384ml,,139,14,47.21,0.47,0.94,1.42
zrbj000063,澳洲STREAMLAND新溪岛 柠檬蜂蜜500g ,,125.66,12.66,36.21,0.36,0.72,1.09
zrhz1000050,韩国雪花秀Sulwhasoo经典版气垫BB霜21# 带替换装,,331.38,33.38,60.32,0.6,1.21,1.81
zrhz1000052,韩国Sulwhasoo雪花秀玉容撕拉面膜150ml,,220.18,22.18,45.27,0.45,0.91,1.36
zrhz1000053,韩国It‘s Skin 伊思晶钻蜗牛BB霜 50ml,,108.98,10.98,37.36,0.37,0.75,1.12
zrhz1000055,日本Kracie肌美精超浸透3D抗皱保湿蓝色4片,,65.61,6.61,16.72,0.17,0.33,0.5
zrhz1000056,法国Givenchy纪梵希小羊皮口红 315#,,298.02,30.02,72.84,0.73,1.46,2.19
zrhz1000057,美国Elta MD氨基酸泡沫洗面奶207ml,,150.12,15.12,25.97,0.26,0.52,0.78
zrhz1000058,美国Fresh馥蕾诗玫瑰润泽保湿面膜100ml,,420.34,42.34,66.28,0.66,1.33,1.99
zrhz1000059,美国kiehl's科颜氏白泥净致面膜 125ml,,264.66,26.66,49.86,0.5,1,1.5
zrhz1000060,美国kiehl's科颜氏高保湿蛋白保湿面霜50ml,,264.66,26.66,65.78,0.66,1.32,1.97
zrhz1000061,美国kiehl's科颜氏金盏花爽肤水250ml,,316.92,31.92,44.33,0.44,0.89,1.33
zrhz1000066,美国Tom Ford汤姆福特黑管唇膏口红 09#,,375.86,37.86,47.36,0.47,0.95,1.42
zrhz1000070,日本BB LABORATORIES 胎盘素PH按摩膏 300g/瓶,,186.82,18.82,43.52,0.44,0.87,1.31
zrhz1000071,日本 BEAUTY BAR 24k金美容黄金棒,,765.06,77.06,304.53,3.05,6.09,9.14
zrhz1000077,日本Minon蜜浓氨基酸保湿乳液100ml,,153.46,15.46,21.36,0.21,0.43,0.64
zrhz1000079,日本Nursery 柚子舒缓卸妆ㄠ180ml,,116.76,11.76,44.54,0.45,0.89,1.34
zrhz1000083,日本SK-II神仙水230ml,,1200.96,120.96,271.92,2.72,5.44,8.16
zrhz1000084,日本Spa treatment红蛇毒眼膜60枚/盒,,286.9,28.9,53.89,0.54,1.08,1.62
zrhz1000085,日本Utena佑天兰黄金果冻面膜蓝色 3片/盒,,64.5,6.5,19.72,0.2,0.39,0.59
zrhz1000087,日本城野医生化妆水100ml,,116.76,11.76,44.92,0.45,0.9,1.35
zrhz1000088,日本Naturie imju 薏仁美白保湿防晒化妆水 500ml,,65.61,6.61,17.74,0.18,0.35,0.53
zrhz1000089,日本 Fancl芳珂无添加卸妆油120ml,,176.81,17.81,42.84,0.43,0.86,1.29
zrhz1000090,日本Kanebo嘉娜宝酵素洁面粉　32粒,,127.88,12.88,22.04,0.22,0.44,0.66
zrhz1000091,日本Kracie肌美精超浸透3D面膜超 橙色 4片/盒,,65.61,6.61,11.67,0.21,0.43,0.64
zrhz1000092,日本Kracie肌美精超浸透3D面膜 粉色 4片/盒,,65.61,6.61,5.21,0.22,0.45,0.67
zrhz1000093,日本Kracie肌美精超浸透面膜 红色 5片/盒,,76.73,7.73,24.89,0.25,0.5,0.75
zrhz1000097,日本Canmake井田 花瓣五色腮红 珠光4#,,97.86,9.86,21.48,0.21,0.43,0.64
zrhz1000098,日本Canmake井田 花瓣五色腮红 珠光5#,,97.86,9.86,21.48,0.21,0.43,0.64
zrhz1000099,日本Canmake井田 花瓣五色腮红 珠光6#,,97.86,9.86,21.48,0.21,0.43,0.64
zrhz1000100,日本Mandom曼丹无刺激温和眼唇卸妆液 145ml,,72.28,7.28,24.21,0.24,0.48,0.73
zrhz1000101,日本Mandom曼丹婴儿脸玻尿酸面膜粉色 5片/盒,,72.28,7.28,28.29,0.28,0.57,0.85
zrhz1000102,日本Mandom曼丹婴儿脸玻尿酸面膜蓝色 5片/盒,,72.28,7.28,28.29,0.28,0.57,0.85
zrhz1000103,日本Mandom曼丹婴儿脸玻尿酸面膜黄色 5片/盒,,72.28,7.28,28.29,0.28,0.57,0.85
zrhz1000104,日本SANA莎娜豆乳洗面奶150g,,72.28,7.28,31.35,0.31,0.63,0.94
zrhz1000105,日本盛田屋豆腐面膜150g,,120.1,12.1,35.41,0.35,0.71,1.06
zrhz1000106,日本ROSETTE诗留美屋洗面奶 粉色 120g,,57.82,5.82,25.49,0.25,0.51,0.76
zrhz1000107,日本诗留美屋Rosette去角质凝胶蓝色 120g,,54.49,5.49,17.18,0.17,0.34,0.52
zrhz1000108,日本ROSETTE诗留美屋洗面奶 绿色 120g,,54.49,5.49,18.91,0.19,0.38,0.57
zrhz1000109,日本LION狮王暗疮膏14g,,76.73,7.73,32,0.32,0.64,0.96
zrhz1000114,日本Utena佑天兰黄金果冻面膜 黄色 3片/盒,,64.5,6.5,19.72,0.2,0.39,0.59
zrhz1000115,日本Utena佑天兰黄金果冻面膜 红色 3片/盒,,64.5,6.5,17.15,0.17,0.34,0.51
zrhz1000116,日本SHISEIDO资生堂 fwb妆前隔离乳 35g,,86.74,8.74,23.96,0.24,0.48,0.72
zrhz1000118,法国YSL圣罗兰方管口红 1#,,298.02,30.02,67.74,0.68,1.35,2.03
zrhz1000119,法国YSL圣罗兰方管口红 13#,,298.02,30.02,67.74,0.68,1.35,2.03
zrhz1000120,法国YSL圣罗兰方管口红 17#,,298.02,30.02,72.84,0.73,1.46,2.19
zrhz1000121,法国YSL圣罗兰方管口红 52#,,298.02,30.02,72.84,0.73,1.46,2.19
zrhz1000124,法国YSL圣罗兰圆管口红 14#,,286.9,28.9,62.05,0.62,1.24,1.86
zrhz1000126,台湾DMC欣兰黑冻膜面膜 225g,,139,14,32.83,0.33,0.66,0.98
zrhz1000130,新西兰Royal Nectar皇家花蜜蜂毒面膜 50ml,,264.66,26.66,68.02,0.68,1.36,2.04
zrhz1000131,新西兰Trilogy趣乐活有机玫瑰果油45ml,,175.7,17.7,64.35,0.64,1.29,1.93
zrhz1000134,日本SHISEIDO资生堂尿素特润红罐护手霜 100g,,57.82,5.82,13.92,0.14,0.28,0.42
zrhz1000133,日本SHISEIDO资生堂护发膜230g,,75.62,7.62,18.67,0.09,0.18,0.27
zrbj000001,德国Salus铁元红铁营养液500ml,,162.35,16.35,42.22,0.42,0.84,1.27
zrbj000002,德国Salus铁元绿铁营养液500ml,,165.69,16.69,50.54,0.51,1.01,1.52
zrbj000003,澳洲Swisse护肝排毒片 120片,,139,14,34.87,0.35,0.7,1.05
zrbj000004,澳洲Swisse高浓度蔓越莓胶囊 30粒,,108.98,10.98,33.29,0.33,0.67,1
zrbj000005,澳洲Swisse叶绿素梅子味口服液500ml,,105.64,10.64,24.73,0.25,0.49,0.74
zrbj000007,新西兰RedSeal红印黑糖500g,,50.04,5.04,12.88,0.13,0.26,0.39
zrbj000008,澳洲Swisse天然液体胶原蛋白口服液500ml,,142.34,14.34,20.77,0.21,0.42,0.62
zrbj000009,澳洲BLACKMORES澳佳宝孕妇黄金营养素180粒,,209.06,21.06,57.64,0.58,1.16,1.74
zrbj000015,澳洲BLACKMORES澳佳宝氨糖软骨素维骨力180粒,,242.42,24.42,130.09,1.3,2.6,3.9
zrbj000016,澳洲BLACKMORES澳佳宝辅酶Q10 30粒,,102.3,10.3,23.75,0.24,0.48,0.71
zrbj000017,澳洲Swisse 高浓度维生素C泡腾片 60片/盒,,131.22,13.22,30.67,0.31,0.61,0.92
zrhz1000135,美国Estee Lauder雅诗兰黛红石榴洗面奶125ml ,,286.9,28.9,60.83,0.61,1.22,1.82
zrhz1000136,韩国innisfree悦诗风吟绿茶籽精萃深层滋润小绿瓶精华乳80ml,,142.34,14.34,44.23,0.44,0.88,1.33
zrhz1000138,澳洲Healthy Care葡萄籽精华胶囊300粒 ,,164.58,16.58,42.95,0.43,0.86,1.29
zrhz1000139,韩国innisfree悦诗风吟绿茶精萃清润柔肤水200ml,,108.98,10.98,24.11,0.24,0.48,0.72
zrhz1000142,韩国innisfree悦诗风吟火山泥清洁毛孔洁面乳 150ml,,75.62,7.62,27.28,0.27,0.55,0.82
zrhz1000143,韩国innisfree悦诗风吟绿茶精萃平衡面霜混合肌肤用 50ml,,142.34,14.34,25.05,0.25,0.5,0.75
zrhz1000144,韩国innisfree悦诗风吟绿茶平衡乳液 160ml,,108.98,10.98,25.7,0.26,0.51,0.77
zrhz1000145,韩国悦诗风吟Innisfree绿茶精萃保湿洁面膏 150ml,,68.94,6.94,19.95,0.2,0.4,0.6
zrhz1000147,韩国AHC第四代全效全脸修复眼霜30ml,,86.74,8.74,27.92,0.28,0.56,0.84
zrhz1000148,韩国AHC第二代B5透明质酸爽肤水120ml,,108.98,10.98,24.11,0.24,0.48,0.72
zrhz1000150,韩国AHC第五代全能眼霜60ml,,120.1,12.1,38.65,0.39,0.77,1.16
zrhz1000151,韩国AHC高效透明质酸保湿爽肤水100ml,,108.98,10.98,44.51,0.45,0.89,1.34
zrhz1000152,韩国AHC睡眠面膜100ml,,108.98,10.98,25.13,0.25,0.5,0.75
zrhz1000154,韩国AHC第三代B5玻尿酸透明质酸面膜 27ml*5片,,131.22,13.22,47.72,0.48,0.95,1.43
zrhz1000157,韩国AHCB5玻尿酸高效水乳套装120ml,,209.06,21.06,48.81,0.49,0.98,1.46
zrhz1000158,美国科颜氏kiehls保湿乳液125ml,,253.54,25.54,44.99,0.45,0.9,1.35
zrhz1000159,美国Kiehl's科颜氏1号护唇膏15ml 滋润防护柔嫩 唇部打底,,100.08,10.08,21.6,0.22,0.43,0.65
zrhz1000161,法国Laroche Posay理肤泉舒缓调理喷雾300ml,,108.98,10.98,29.21,0.29,0.58,0.88
zrhz1000163,法国LANCOME兰蔻新臻白洁面泡沫洗面奶 125ml,,275.78,27.78,36.66,0.37,0.73,1.1
zrhz1000164,法国雅漾(Avene)修护洁面乳300ml,,142.34,14.34,27.91,0.28,0.56,0.84
zrhz1000167,韩国SNP竹炭黑炭面膜10片装,,108.98,10.98,36.35,0.36,0.73,1.09
zrhz1000170,日本SK-II第六代肌源赋活修护精华霜80g,,988.57,99.57,88.85,0.89,1.78,2.67
zrhz1000176,韩国SNP黑珍珠面膜10片/盒,,105.64,10.64,35.44,0.35,0.71,1.06
zrbj000018,澳洲Swisse瑞思胶原蛋白片 100粒,,142.34,14.34,40.23,0.4,0.8,1.21
zrbj000019,美国Puritan's pride普丽普莱玉米黄素叶黄素软胶囊20mg*120粒,,142.34,14.34,17.71,0.18,0.35,0.53
zrbj000020,美国Puritan's pride普丽普莱辅酶Q10*120粒,,142.34,14.34,22.81,0.23,0.46,0.68
zrbj000022,美国Childlife童年时光紫雏菊滴剂精华天然橘子香味29.6ml,,108.98,10.98,63.69,0.64,1.27,1.91
zrbj000023,美国Childlife童年时光第一防御液118.5ml,,120.1,12.1,21.94,0.22,0.44,0.66
zrbj000024,美国Childlife童年时光婴儿维生素D3滴剂天然浆果味29.6ml,,108.98,10.98,64.42,0.64,1.29,1.93
zrbj000026,美国Childlife童年时光钙镁锌口服液474ml,,175.7,17.7,94.85,0.95,1.9,2.85
zrbj000028,美国GNC健安喜女性胶原蛋白营养片180片,,141.22,14.22,25.74,0.45,0.9,1.35
zrbj000029,澳洲Swisse瑞思葡萄籽精华180粒/瓶,,153.46,15.46,25.66,0.26,0.51,0.77
zrbj000030,澳洲Swisse叶绿素片100粒,,121.21,12.21,28.83,0.29,0.58,0.86
zrbj000031,澳洲Swisse钙+维生素D150粒,,108.98,10.98,22.07,0.22,0.44,0.66
zrbj000032,澳洲Swisse月见草胶囊200粒,,131.22,13.22,24.26,0.24,0.49,0.73
zrbj000033,美国Childlife童年时光儿童23种复合维生素营养液237ml,,108.98,10.98,36.12,0.36,0.72,1.08
zrbj000034,澳洲Swisse有机螺旋藻片100片/瓶,,97.86,9.86,21.48,0.21,0.43,0.64
zrbj000039,美国GNC健安喜柠檬酸钙镁片D片240粒,,175.7,17.7,21.51,0.22,0.43,0.65
zrbj000041,美国GNC健安喜黑樱桃浓缩胶囊250mg120粒,,108.98,10.98,49.61,0.5,0.99,1.49
zrbj000043,澳洲Swisse改善睡眠片100粒,,120.1,12.1,27.76,0.28,0.56,0.83
zrbj000045,美国GNC健安喜维生素B族50mg250粒,,164.58,16.58,15.82,0.16,0.32,0.47
zrhz1000177,美国EsteeLauder雅诗兰黛小棕瓶眼部精华霜15ml,,409.22,41.22,58.81,0.59,1.18,1.76
zrhz1000178,法国LANCOME兰蔻小黑瓶肌底眼部凝霜15ml,,431.46,43.46,79.88,0.8,1.6,2.4
zrhz1000179,法国LANCOME兰蔻眼部精华肌底液20ml,,498.18,50.18,113.99,1.14,2.28,3.42
zrhz1000180,日本CPB肌肤之钥隔离霜短管30ml,,409.22,41.22,88.9,0.89,1.78,2.67
zrhz1000181,日本CPB肌肤之钥隔离霜长管40g,,431.46,43.46,51.32,0.51,1.03,1.54
zrhz1000182,日本CPB肌肤之钥白色隔离霜30ml,,409.22,41.22,68.5,0.69,1.37,2.06
zrhz1000184,韩国RECIPE莱斯璧水晶防晒喷雾150ml,,76.73,7.73,30.57,0.31,0.61,0.92
zrhz1000185,韩国RECIPE莱斯璧水晶防晒喷雾180ml,,75.62,7.62,30.51,0.31,0.61,0.92
zrhz1000186,韩国age 20's艾敬气垫#21（白）带替换,,186.82,18.82,44.92,0.45,0.9,1.35
zrhz1000187,韩国age 20's艾敬气垫#21（粉）带替换,,186.82,18.82,45.69,0.46,0.91,1.37
zrhz1000188,韩国Dr.jart+蒂佳婷蓝色药丸面膜5片/盒,,97.86,9.86,32.94,0.33,0.66,0.99
zrhz1000189,韩国Dr.jart+蒂佳婷绿色药丸面膜5片/盒,,105.64,10.64,39.43,0.39,0.79,1.18
zrhz1000190,韩国Dr.jart+蒂佳婷V7素颜霜50ml,,199.05,20.05,51.94,0.5,1,1.49
zrhz1000191,韩国LANEIGE兰芝睡眠面膜70ml,,166.8,16.8,44.5,0.45,0.89,1.34
zrhz1000194,韩国LANEIGE兰芝草莓唇膜20g,,108.98,10.98,17.99,0.18,0.36,0.54
zrhz1000195,德国贺本清小甘菊护手霜75ml,,46.7,4.7,9.32,0.09,0.19,0.28
zrhz1000196,韩国Sulwhasoo雪花秀睡眠面膜120ml,,298.02,30.02,88.14,0.88,1.76,2.64
zrhz1000197,法国L’occitane欧舒丹乳木果丰凝护手霜150ml,,220.18,22.18,42.74,0.43,0.85,1.28
zrhz1000198,韩国Cloud9九朵云美白淡斑面霜50ml,,86.74,8.74,32.16,0.32,0.64,0.96
zrhz1000199,法国L’occitane欧舒丹樱花护手霜75ml,,186.82,18.82,42.82,0.43,0.86,1.28
zrhz1000200,韩国Sulwhasoo雪花秀宫中蜜皂70g,,76.73,7.73,21.39,0.21,0.43,0.64
zrhz1000201,日本Shiseido资生堂洗颜专科洁面乳120g,,62.27,6.27,25.12,0.25,0.5,0.75
zrhz1000204,日本Kiss Me奇士美极细液体眼线笔（黑色）,,98.97,9.97,30.72,0.31,0.62,0.93
zrhz1000205,日本Kiss Me奇士美花漾美姬新翘力浓密防水睫毛膏6g,,98.97,9.97,28.68,0.29,0.58,0.87
zrhz1000206,韩国innisfree悦诗风吟矿物薄荷散粉5g ,,66.72,6.72,23.92,0.24,0.48,0.72
zrhz1000207,韩国LANEIGE兰芝四合一洗面奶180ML,,140.11,14.11,45.13,0.45,0.9,1.35
zrhz1000208,韩国Banila CO芭妮兰卸妆膏100ml,,98.47,10.47,30.93,0.31,0.62,0.93
zrhz1000210,韩国Papa Recipe春雨蜂蜜美白面膜10片/盒,,140.11,14.11,59.41,0.59,1.18,1.77
zrhz1000213,韩国Missha谜尚大红BB霜21# 50ml,,77.84,7.84,19.4,0.19,0.38,0.57
zrhz1000214,韩国Missha谜尚大红BB霜23# 50ml,,81.18,8.18,21.62,0.22,0.44,0.66
zrhz1000215,韩国ItsSkin伊思晶钻蜗牛睡眠面膜100ml,,155.68,15.68,66.54,0.67,1.34,2.01
zrhz1000216,韩国ItsSkin伊思晶钻蜗牛洗面奶150ml,,88.96,8.96,25.09,0.25,0.5,0.75
zrhz1000217,韩国MEDIHEAL美迪惠尔可莱丝竹炭面膜10片/盒,,100.08,10.08,30.78,0.31,0.62,0.93
zrhz1000218,法国Evian依云矿泉水喷雾300ml,,85.62,8.62,28.99,0.29,0.58,0.87
zrhz1000221,美国Kiehl's科颜氏牛油果眼霜28g,,435.9,43.9,114.78,1.15,2.3,3.45
zrhz1000222,韩国Cloud9九朵云奇迹马油面霜70g,,87.85,8.85,30.59,0.31,0.62,0.93
zrhz1000223,韩国珂莱欧Clio蜗牛素颜霜50ml,,145.67,14.67,39.3,0.39,0.78,1.17
zrhz1000224,美国Elizabeth Arden伊丽莎白雅顿8小时润泽唇霜,,98.97,9.97,24.6,0.25,0.5,0.75
zrhz1000227,韩国papa recipe春雨蜂蜜保湿爽肤水200ml+乳液150ml套装,,155.68,15.68,23.51,0.24,0.48,0.72
zrrh1000001,韩国LG THE BODY 甜蜜爱恋香水沐浴露500ml 粉色,,54.49,5.49,14.41,0.14,0.28,0.42
zrrh1000002,韩国LG THE BODY 快乐微风香水沐浴露500ml 紫色,,51.15,5.15,11.98,0.12,0.24,0.36
zrrh1000005,日本熊野油脂马油沐浴露600ml,,62.27,6.27,21.23,0.21,0.42,0.63
zrrh1000006,日本Propolinse比那氏蜂胶复合漱口水600ml,,67.83,6.83,16.77,0.17,0.34,0.51
zrrh1000007,日本Deonatulle Soft Stone药用软石消臭石20g,,65.61,6.61,13.66,1.37,2.73,4.1
zrrh1000008,日本LION/狮王美白牙膏 绿色130g,,51.15,5.15,12.9,0.13,0.26,0.39
zrrh1000009,澳洲DUIT TOUGH HANDS手膜150g,,85.62,8.62,25.93,0.26,0.52,0.78
zrrh1000012,日本 小林制药KOBAYASHI足舒爽150ml,,61.16,6.16,13.43,1.34,2.69,4.03
zrrh1000013,日本Merries/花王Esprincess EX洗护套600ml+600ml,,107.86,10.86,33.22,0.33,0.66,0.99
zrrh1000014,韩国LG润膏无硅油洗发水250ml 紫色,,66.72,6.72,23.84,0.24,0.48,0.72
zrrh1000015,英国The Body Shop生姜洗发露洗发水400ml,,128.99,12.99,39.71,0.4,0.8,1.2
zrrh1000018,日本Daiso大创粉扑清洗剂80ml,,27.8,2.8,9.99,1,2,3
zrrh1000022,日本花王蒸汽眼罩薰衣草香味14片,,101.19,10.19,28.14,0.28,0.56,0.84
zrrh1000023,日本花王蒸汽眼罩无香味14片,,95.63,9.63,23.4,0.23,0.46,0.69
zrrh1000024,日本花王蒸汽眼罩洋甘菊香味14片,,95.63,9.63,23.4,0.23,0.46,0.69
zrrh1000025,日本花王蒸汽眼罩玫瑰香味14片,,95.63,9.63,23.4,0.23,0.46,0.69
zrrh1000028,美国帕玛氏Palmers妊娠纹修复按摩霜125g,,76.73,7.73,10.71,0.11,0.22,0.33
zrrh1000029,澳洲Morning Fresh原味浓缩洗洁精400ml,,44.48,4.48,23.77,0.24,0.48,0.72
zrrh1000031,英国芳芯femfresh女性护理液 蔓越莓,,60.05,6.05,15.41,0.15,0.3,0.45
zrrh1000032,澳洲Redwin煤焦洗发水250ml,,60.05,6.05,29.69,0.3,0.6,0.9
zrrh1000033,澳洲Redwin茶树洗发水250ml,,64.9,6.9,34,0.34,0.68,1.02
zrrh1000035,澳洲乐康片Nu-lax 40粒 ,,76.73,7.73,29.6,0.3,0.6,0.9
zrrh1000037,澳洲Restoria黑发乳250ml,,105.64,10.64,85.13,0.85,1.7,2.55
zrrh1000044,美国Grandma Secret老奶奶的秘密婴儿衣物去污清洁剂59ml,,85.62,8.62,26.95,0.27,0.54,0.81
zrrh1000048,日本wakodo/和光堂桉树精油驱蚊贴60枚,,83.4,8.4,23.06,0.23,0.46,0.69
zrhz1000229,韩国ETUDEHOUSE爱丽小屋自动眉笔深灰色4#,,35.58,3.58,12.07,0.12,0.24,0.36
zrhz1000230,韩国ETUDEHOUSE爱丽小屋自动眉笔咖啡色3#,,35.58,3.58,9.52,0.1,0.2,0.3
zrhz1000231,韩国ETUDEHOUSE爱丽小屋自动眉笔黑咖色1#,,33.36,3.36,9.92,0.1,0.2,0.3
zrrh1000052,香港Wong To Yick/S道益活络油舒筋活络油50ml,,72.28,7.28,16.05,0.16,0.32,0.48
zrrh1000054,澳洲Nair全身可用脱毛膏75g,,55.6,5.6,16.19,0.16,0.32,0.48
zrrh1000055,日本SANTEN-FX参天FXV+眼药水金盒 12ml,,77.84,7.84,32.66,0.33,0.66,0.99
zrrh1000056,日本 小林制药KOBAYASHI洗眼液预防眼病缓解疲劳浅蓝色 500ml,,120.1,12.1,32.86,0.33,0.66,0.99
zrrh1000057,澳洲Breath Pearls除口臭缓解肠胃助消化软胶囊50粒,,78.95,7.95,33.74,0.34,0.68,1.02
zrrh1000058,美国California baby加州宝宝驱虫液儿童防蚊水驱蚊喷雾192ml,,151.23,15.23,39.33,0.39,0.78,1.17
zrrh1000059,澳大利亚Aerogard无味低刺激驱蚊水175ml,,72.28,7.28,27.27,0.27,0.55,0.82
zrrh1000060,日本Fumakilla Vape 3倍效果无味电子防蚊驱蚊器150日,,118.98,11.98,34.26,0.34,0.68,1.02
zrrh1000061,美国Burt's Bees/小蜜蜂紫草膏简装15g,,54.49,5.49,8.46,0.08,0.17,0.25
zrrh1000062,美国贝吉獾Badger虫虫怕怕膏21g,,66.72,6.72,20.86,0.21,0.42,0.63
zrrh1000063,澳洲Healthy Care蜂胶牙膏薄荷味120g,,55.6,5.6,18.23,0.18,0.36,0.54
zrrh1000067,日本 小林制药KOBAYASHI喷雾衣物清凉降温喷雾（劲凉）100ml,,62.27,6.27,10.42,0.1,0.21,0.31
zrrh1000069,德国Theramed站立式牙膏100ml蓝色,,38.92,3.92,14.01,0.14,0.28,0.42
zrrh1000070,德国Theramed站立式牙膏100ml红色,,38.92,3.92,13.66,0.14,0.27,0.41
zrrh1000071,德国Theramed站立式牙膏100ml灰色,,38.92,3.92,11.5,0.12,0.23,0.35
zrrh1000072,FOREO LUNA mini2 露娜电动充电式洁面仪粉红色,,1098.66,110.66,319.06,3.19,6.38,9.57
zrrh1000073,泰国兰纳足贴祛湿驱寒改善睡眠痛经 10贴,,27.8,2.8,9.63,0.1,0.19,0.29
zrrh1000074,泰国soffell驱蚊液30ml 柑橘味,,32.25,3.25,8.84,0.09,0.18,0.27
zrrh1000075,泰国soffell驱蚊液30ml 玫瑰味,,32.25,3.25,8.84,0.09,0.18,0.27
zrhz1000232,泰国white芦荟胶撕拉型鼻贴,,27.8,2.8,10.65,0.11,0.21,0.32
zrrh1000079,泰国RASYAN草本露齿牙粉25g,,35.58,3.58,10.03,0.1,0.2,0.3
zrmyfs100002,美国Gerber嘉宝1段大米米粉227g,,43.37,4.37,13.03,0.13,0.26,0.39
zrmyfs100005,美国Gerber嘉宝2段苹果番薯混合谷物米粉227g,,50.04,5.04,9.47,0.09,0.19,0.28
zrmyfs100006,美国Gerber嘉宝2段全麦谷物米粉 227g,,43.37,4.37,17.06,0.17,0.34,0.51
zrmyfs100007,美国Gerber嘉宝2段香蕉燕麦米粉227g,,43.37,4.37,6.09,0.06,0.12,0.18
zrmyfs100008,美国Gerber嘉宝3段谷物燕麦苹果肉桂米粉227g,,43.37,4.37,5.5,0.06,0.11,0.17
zrmyfs100009,美国Gerber嘉宝3段香蕉草莓谷物燕麦米粉227g,,43.37,4.37,10.34,0.1,0.21,0.31
zrmyfs100013,美国Gerber嘉宝草莓苹果味星星泡芙42g,,32.25,3.25,9.11,0.09,0.18,0.27
zrmyfs100015,美国Gerber嘉宝蓝莓味星星泡芙 42g,,32.25,3.25,9.09,0.09,0.18,0.27
zrmyfs100016,美国Gerber嘉宝蜜桃味星星泡芙 42g,,32.25,3.25,10.17,0.1,0.2,0.31
zrmyfs100020,美国Gerber嘉宝香蕉星星泡芙42g,,32.25,3.25,5.33,0.05,0.11,0.16
zrmybj100008,澳洲BioIsland佰澳朗德婴幼儿补锌咀嚼片120粒,,108.98,10.98,21.12,0.21,0.42,0.63
zrmybj100013,澳洲Ostelin奥斯特林小恐龙钙50片,,72.28,7.28,19.09,0.19,0.38,0.57
zrmybj100014,美国Ddrops婴儿补钙维生素D3滴剂 2.5ml,,121.21,12.21,22.61,0.22,0.43,0.65
zrmybj100015,澳洲LifeSpace婴幼儿益生菌粉 60g,,153.46,15.46,32.58,0.54,1.08,1.62
zrmybj100016,澳洲LifeSpace儿童益生菌粉 60g,,153.46,15.46,32.58,0.54,1.08,1.62
zrmybj100017,澳洲LifeSpace孕妇益生菌胶囊 60粒,,153.46,15.46,23.4,0.45,0.9,1.35
zrmybj100018,美国Culturelle康萃乐婴儿益生菌粉30袋/盒,,164.58,16.58,33.57,0.34,0.67,1.01
ZRMYYP100038,德国Braun博朗婴儿红外线耳温枪IRT6520,,321.37,32.37,46.53,0.47,0.93,1.4
ZRMYYP100042,日本VAPE hello kitty驱蚊手表20日份,,102.3,10.3,21.25,0.21,0.43,0.64
zrrh1000026,日本 小林制药KOBAYASHI女性内衣专用洗衣液120ml,,38.92,3.92,10.21,1.02,2.04,3.06
zrhz1000117,日本SHISEIDO资生堂安耐晒防晒霜60ml,,231.3,23.3,33.62,0.34,0.67,1.01
HH00000456,美国汤姆福特Tom Ford TF 哑光黑管黑金唇膏口红15#WILDGINGER,,354.73,35.73,28.91,0.29,0.58,0.87
zrrh1000040,澳洲femfresh白百合洗液250ML,,42.26,4.26,10.39,0.1,0.21,0.31
zrrh1000041,英国FemFresh洋甘菊洗液250ml,,42.26,4.26,10.39,0.1,0.21,0.31
zrrh1000047,日本Lion狮王Etiquette薄荷去口臭牙膏130g,,50.04,5.04,5.7,0.06,0.11,0.17
zrhz1000068,日本ALOVIVI皇后卸妆水 500ml,,63.38,6.38,10.48,1.05,2.1,3.14
HH00001052,康维他Comvita麦卢卡10+棒棒糖 10支,,83.4,8.4,25.82,0.26,0.52,0.77
HH00001219,lets diet新款限量版光护美肤遮阳帽 防紫外线 花边荧光黄,,106.75,10.75,28.07,0.28,0.56,0.84
HH00001220,lets diet新款限量版光护美肤遮阳帽 防紫外线 花边天蓝色,,106.75,10.75,28.07,0.28,0.56,0.84
HH00001221,lets diet新款限量版光护美肤遮阳帽 防紫外线 花边可爱粉,,98.97,9.97,20.52,0.21,0.41,0.62
HH00001291,日本Thermos膳魔师保温杯|JNO-501型号|薄荷色|500毫升,,209.06,21.06,34.58,0.35,0.69,1.04
HH00001292,日本Thermos膳魔师保温杯|JNO-501型号|山莓色|500毫升,,209.06,21.06,34.58,0.35,0.69,1.04
HH00001296,美国Nordic Naturals挪威小鱼 婴儿童宝宝DHA深海鱼油鳕鱼油 237ml,,154.57,15.57,23.13,0.23,0.46,0.69
HH00001297,法国圣罗兰YSL自然色明彩笔2.5ml 02#,,298.02,30.02,41.48,0.41,0.83,1.24
HH00001298,日本曼丹Mandom婴儿肌面膜弹性版5片/盒,,64.5,6.5,14.2,0.14,0.28,0.43
HH00001300,韩国Sulwhasoo雪花秀润致焕活肌底精华露 润燥精华 面部补水保湿打底精华液 90ml,,664.98,66.98,79.81,0.8,1.6,2.39
HH00001307,澳洲极塑Fatblaster减肥代餐奶昔 覆盘子味 430g,,105.64,10.64,23.59,0.24,0.47,0.71
HH00001308,法国纪梵希Givenchy禁忌之吻梅子色黑管变色口红16#（两种包装随机发货）,,275.78,27.78,40.45,0.4,0.81,1.21
HH00001313,日本皇后的秘密quality first多效合一美白面膜30枚,,120.1,12.1,20,0.2,0.4,0.6
HH00001327,法国兰蔻Lancome清滢洁面摩丝200ml,,253.54,25.54,41.07,0.41,0.82,1.23
HH00001338,美国安娜苏 Anna Sui 口红小雨衣Lip Coat口红小雨伞5.6g 防粘杯防褪色,,175.7,17.7,29.67,0.3,0.59,0.89
HH00001345,瑞典露娜LUNA 迷你MINI 2代电动洁面仪 海军蓝,,987.46,99.46,183.45,1.83,3.67,5.5
HH00001346,瑞典露娜LUNA 迷你MINI 2代电动洁面仪 樱桃红,,987.46,99.46,192.84,1.93,3.86,5.79
HH00001347,日本SK-II护肤面膜前男友面膜10片,,876.26,88.26,198.6,1.99,3.97,5.96
HH00001350,日本SK-II护肤精华露 精华液 神仙水 75ml,,442.58,44.58,64.14,0.64,1.28,1.92
HH00001355,日本SK-II/SK2 隔离防晒CC霜   30g,,520.42,52.42,97.83,0.98,1.96,2.93
HH00001356,日本黛珂 Cosme Decorte 小紫瓶保湿精华美容液60ML,,765.06,77.06,98.79,0.99,1.98,2.96
HH00001360,日本黛珂  赋活保湿精华水170ML ,,620.5,62.5,72.1,0.72,1.44,2.16
HH00001371,法国欧舒丹Loccitane马鞭草清新润手霜75ml,,131.22,13.22,38.18,0.38,0.76,1.15
HH00001374,日本肌美精成人痘痘药用美白面霜50g,,98.97,9.97,22.57,0.23,0.45,0.68
HH00001380,意大利阿玛尼Armani臻致丝绒红管亮橘哑光唇釉300#,,299.13,30.13,46.89,0.47,0.94,1.41
HH00001381,意大利阿玛尼Armani臻致丝绒红管正红哑光唇釉400#,,299.13,30.13,46.89,0.47,0.94,1.41
HH00001395,意大利菲拉格慕 Salvatore Ferragamo梦中情人淡香水  EDT 100ml,,265.77,26.77,57.77,0.58,1.16,1.73
HHKJ000001,Biore 碧柔 倍护防晒乳液 SPF50+ PA++++ 40ML,,65.61,6.61,12.64,0.13,0.25,0.38
HHKJ000002,ALOE 太阳社 玻尿酸透明质酸原液高效保湿 10ML,,57.82,5.82,9.17,0.09,0.18,0.28
HHKJ000005,BIORE 碧柔 清爽保湿防晒凝蜜SPF30/PA++ 120ML,,72.28,7.28,22.17,0.22,0.44,0.67
HHKJ000006,Biore 碧柔 便携式药用止汗爽肤湿巾 清爽薄荷香型 10片,,38.92,3.92,10.21,0.1,0.2,0.31
HHKJ000009,BIORE 碧柔 润肤美容液卸妆棉卸妆湿巾 10片,,38.92,3.92,9.19,0.09,0.18,0.28
HHKJ000010,Dr.Ci:Labo 城野医生 超级毛孔清洁保湿化妆水 200ml,,172.36,17.36,25.41,0.25,0.51,0.76
HHKJ000011,Biore 碧柔 男士细腻颗粒磨砂洗面奶 130g,,50.04,5.04,14.88,0.15,0.3,0.45
HHKJ000012,SHISEIDO 资生堂 药用水润唇膏 无香型 3.5g,,43.37,4.37,8.41,0.08,0.17,0.25
HHKJ000041,日本House of rose玫瑰屋 Oh！Baby 蚕丝精华身体磨砂膏 570克,,164.58,16.58,35.3,0.35,0.71,1.06
HHKJ000042,日本资生堂安耐晒金瓶防晒喷雾SPF50 60g,,175.7,17.7,42.93,0.43,0.86,1.29
HHKJ000043,日本 明色胎盘素眼霜30g,,75.62,7.62,22.35,0.22,0.45,0.67
HHKJ000044,日本石泽研究所 KEANA 毛孔抚子男女小苏打弹密泡沫深层清洁 去黑头洗面奶100g,,94.52,9.52,21.3,0.21,0.43,0.64
HHKJ000045,牛乳石硷沐浴露 牛奶香蓝瓶550ml,,65.61,6.61,18.76,0.19,0.38,0.56
HHKJ000046,花王珂润卸妆ㄠ卸妆乳 130g,,77.84,7.84,17.67,0.18,0.35,0.53
HHKJ000047,日本 Cow牛乳石碱 bouncia 2017新版牛奶玫瑰花味-美肌型550ml,,65.61,6.61,17.74,0.18,0.35,0.53
HHKJ000048,日本曼丹 mandom 植物系美容油面膜4片棕色-乳木果油,,72.28,7.28,29.31,0.29,0.59,0.88
HHKJ000049,日本曼丹 mandom 植物系美容油面膜4片蓝色-椰子果油,,72.28,7.28,29.31,0.29,0.59,0.88
HHKJ000050,日本曼丹 mandom 植物系美容油面膜4片红色-玫瑰果油,,72.28,7.28,29.31,0.29,0.59,0.88
HHKJ000102,日本黛珂COSME DECORTE AG防晒霜白肌隔离防晒乳SPF50+ 60G,,353.62,35.62,57.41,0.57,1.15,1.72
HHKJ000103,日本城野医生祛痘印收缩毛孔EGF修护浓缩精华 10ml,,264.66,26.66,40.48,0.4,0.81,1.21
HHKJ000104,日本TAKAMI小蓝瓶角质软化美容精华液 30ml,,386.98,38.98,51.83,0.52,1.04,1.55
HHKJ000105,韩国skinature思肤秀24K黄金金箔胜肽高浓缩精华液 100ml,,286.9,28.9,41.65,0.42,0.83,1.25
HHKJ000106,泰国RAY蚕丝面膜 金色淡斑抗皱敏感肌肤补水 10片/盒,,98.97,9.97,38.88,0.16,0.32,0.49
HHKJ000107,泰国RAY银色补水保湿控油晒后修复天然蚕丝面膜 10片/盒,,84.51,8.51,35.05,0.26,0.53,0.79
HHKJ000108,美国小鼻子LITTLEREMEDIES天然蜂蜜棒棒糖 10支,,54.49,5.49,17.13,0.13,0.26,0.38
HHKJ000109,日本黛珂COSME DECORTE乳液补水保湿收缩毛孔牛油果乳液 150ml ,,443.69,44.69,35.74,0.36,0.71,1.07
HHKJ000110,韩国伊思红参蜗牛化妆水乳套装 140ml爽肤水+140ml乳液,,320.26,32.26,47.49,0.47,0.95,1.42
HHKJ000111,澳洲Fatblaster极塑瘦身椰子水 750ml,,142.34,14.34,31.99,0.32,0.64,0.96
HHKJ000112,美国Coppertone 确美同水宝宝儿童成人防晒乳液SPF70 237ml,,105.64,10.64,12.71,0.13,0.25,0.38
HHKJ000113,日本KOSE高丝防晒Suncut防晒喷雾 90g,,83.4,8.4,14.7,0.15,0.29,0.44
HHKJ000114,泰国Mistine黄喷防晒喷雾 100ml,,55.6,5.6,8.03,0.08,0.16,0.24
HHKJ000115,日本SpaTreatment UMB纳米弹力黑蛇毒眼膜 60枚,,298.02,30.02,42.24,0.42,0.84,1.27
HHKJ000116,韩国JMsolution珍珠面膜 10片,,76.73,7.73,21.35,0.21,0.43,0.64
HHKJ000117,韩国JMsolution蚕丝面膜 10片,,97.86,9.86,35.46,0.35,0.71,1.06
HHKJ000118,韩国JMsolution蜂蜜面膜 10片,,76.73,7.73,21.35,0.21,0.43,0.64
HHKJ000119,韩国JMsolution急救补水针剂面膜 10片,,76.73,7.73,17.14,0.17,0.34,0.51
HHKJ000120,韩国JMsolution牛油果面膜10片,,97.86,9.86,17.4,0.17,0.34,0.51
HHKJ000121,韩国JM solution 青光海洋珍珠防晒棒21g,,68.94,6.94,10.77,0.11,0.22,0.32
HHKJ000122,韩国JM solution 粉色玫瑰花朵防晒棒21g,,66.72,6.72,11.66,0.12,0.23,0.35
HHKJ000123,韩国JM solution 青光海洋珍珠防晒喷雾180ml,,72.28,7.28,22.17,0.22,0.44,0.67
HHKJ000124,韩国JM solution 粉色玫瑰花朵防晒喷雾180ml,,76.73,7.73,32.4,0.32,0.65,0.97
HHKJ000125,日本早安BCL Saborino 60秒懒人保湿面膜32枚,,100.08,10.08,13.44,0.13,0.27,0.4
HHKJ000126,泰国安娜贝拉Annabella深海藻面膜 10片,,54.49,5.49,10.17,0.1,0.2,0.31
HHKJ000127,伊丽莎白雅顿绿茶蜂蜜香芬护体乳霜 400ML,,116.76,11.76,20.72,0.21,0.41,0.62
zrmynf1000031,澳大利亚a2白金婴儿奶粉1段900g 2罐装,,540.43,54.43,103.98,1.04,2.08,3.12
HH00000248,澳大利亚a2白金婴儿奶粉2段900g,,264.66,26.66,64.06,0.64,1.28,1.92
HH00000249,澳大利亚a2白金婴儿奶粉3段900g,,253.54,25.54,66.41,0.66,1.33,1.99
zrmynf1000035,澳大利亚a2白金婴儿奶粉3段900g 2罐装,,495.95,49.95,136.31,1.36,2.73,4.09
HH00000250,澳大利亚a2白金婴儿奶粉4段900g,,242.42,24.42,77.01,0.77,1.54,2.31
HH00000251,澳大利亚a2白金婴儿奶粉4段900g 2罐装,,473.71,47.71,147.38,1.47,2.95,4.42
zrmynf1000074,德国Hipp Bio喜宝有机奶粉2段800g,,142.34,14.34,25.23,0.25,0.5,0.76
zrmynf1000075,德国Hipp Bio喜宝有机奶粉2段800g 2盒装,,265.77,26.77,45.99,0.46,0.92,1.38
zrmynf1000106,新西兰Karicare可瑞康羊奶粉3段900g 2罐装,,540.43,54.43,65.22,0.65,1.3,1.96
zrmynf1000003,德国Aptamil爱他美奶粉1段800g 2罐装,,331.38,33.38,67.59,0.68,1.35,2.03
zrmynf1000004,德国Aptamil爱他美奶粉2段800g,,172.36,17.36,65.11,0.65,1.3,1.95
zrmynf1000005,德国Aptamil爱他美奶粉2段800g 2罐装,,331.38,33.38,125.21,1.25,2.5,3.76
zrmynf1000006,德国Aptamil爱他美奶粉3段800g,,172.36,17.36,35.62,0.36,0.71,1.07
zrmynf1000007,德国Aptamil爱他美奶粉3段800g 2罐装,,331.38,33.38,71.91,0.72,1.44,2.16
zrmynf1000010,德国Aptamil爱他美奶粉2+段600g,,161.24,16.24,62.26,0.62,1.25,1.87
zrmynf1000011,德国Aptamil爱他美奶粉2+段600g 2盒装,,309.14,31.14,136.68,1.37,2.73,4.1
zrmynf1000014,荷兰Nutrilon牛栏奶粉2段850g,,143.45,14.45,45.5,0.46,0.91,1.37
zrmynf1000015,荷兰Nutrilon牛栏奶粉2段850g 2罐装,,275.78,27.78,90.65,0.91,1.81,2.72
zrmynf1000016,荷兰Nutrilon牛栏奶粉3段800g,,143.45,14.45,45.31,0.45,0.91,1.36
zrmynf1000017,荷兰Nutrilon牛栏奶粉3段800g 2罐装,,275.78,27.78,83.76,0.84,1.68,2.51
zrmynf1000018,荷兰Nutrilon牛栏奶粉4段800g,,154.57,15.57,36.09,0.36,0.72,1.08
zrmynf1000019,荷兰Nutrilon牛栏奶粉4段800g 2罐装,,298.02,30.02,73.76,0.74,1.48,2.21
zrmynf1000020,荷兰Nutrilon牛栏奶粉5段800g,,154.57,15.57,39.65,0.4,0.79,1.19
zrmynf1000021,荷兰Nutrilon牛栏奶粉5段800g 2罐装,,298.02,30.02,99.74,1,1.99,2.99
zrmynf1000023,澳洲Aptamil爱他美奶粉金装1段900g 2罐装,,384.75,38.75,74.35,0.74,1.49,2.23
zrmynf1000024,澳洲Aptamil爱他美奶粉金装2段900g,,186.82,18.82,34.34,0.34,0.69,1.03
zrmynf1000025,澳洲Aptamil爱他美奶粉金装2段900g 2罐装,,362.51,36.51,82.35,0.82,1.65,2.47
zrmynf1000027,澳洲Aptamil爱他美奶粉金装3段900g 2罐装,,318.03,32.03,101.43,1.01,2.03,3.04
zrmynf1000036,英国Aptamil爱他美奶粉1段900g（新旧包装随机发送）,,154.57,15.57,38.77,0.39,0.78,1.16
zrmynf1000037,英国Aptamil爱他美奶粉1段900g 2罐装,,298.02,30.02,80.38,0.8,1.61,2.41
zrmynf1000038,英国Aptamil爱他美奶粉2段900g,,154.57,15.57,65.39,0.65,1.31,1.96
zrmynf1000039,英国Aptamil爱他美奶粉2段900g 2罐装,,298.02,30.02,119.98,1.2,2.4,3.6
zrmynf1000041,英国Aptamil爱他美奶粉3段900g 2罐装,,298.02,30.02,93.99,0.94,1.88,2.82
zrmynf1000043,英国Aptamil爱他美奶粉4段800g 2罐装,,298.02,30.02,93.99,0.94,1.88,2.82
zrmynf1000044,英国Cow&Gate牛栏奶粉1段900g,,143.45,14.45,42.06,0.42,0.84,1.26
zrmynf1000045,英国Cow&Gate牛栏奶粉1段900g 2罐装,,276.89,27.89,85.3,0.85,1.71,2.56
zrmynf1000047,英国Cow&Gate牛栏奶粉2段900g 2罐装,,254.65,25.65,88.87,0.89,1.78,2.67
zrmynf1000049,英国Cow&Gate牛栏奶粉3段900g 2罐装,,254.65,25.65,88.86,0.89,1.78,2.67
zrmynf1000051,英国Cow&Gate牛栏奶粉4段800g 2罐装,,254.65,25.65,82.56,0.83,1.65,2.48
zrmynf1000052,澳大利亚Bellamys贝拉米有机奶粉1段900g,,221.29,22.29,51.32,0.51,1.03,1.54
zrmynf1000053,澳大利亚Bellamys贝拉米有机奶粉1段900g 2罐装,,431.46,43.46,105.47,1.05,2.11,3.16
zrmynf1000054,澳大利亚Bellamys贝拉米有机奶粉2段900g,,221.29,22.29,51.32,0.51,1.03,1.54
zrmynf1000055,澳大利亚Bellamys贝拉米有机奶粉2段900g 2罐装,,431.46,43.46,105.47,1.05,2.11,3.16
zrmynf1000056,澳大利亚Bellamys贝拉米有机奶粉3段900g,,232.41,23.41,43.96,0.44,0.88,1.32
zrmynf1000057,澳大利亚Bellamys贝拉米有机奶粉3段900g 2罐装,,453.7,45.7,95.33,0.95,1.91,2.86
zrmynf1000058,澳大利亚Devondale德运全脂奶粉（1kg/袋）,,72.28,7.28,14.01,0.14,0.28,0.42
zrmynf1000059,澳大利亚Devondale德运全脂奶粉 1000g 2包装,,139,14,28.75,0.29,0.58,0.86
zrmynf1000060,澳大利亚Devondale德运脱脂奶粉（1kg/袋）,,72.28,7.28,14.01,0.14,0.28,0.42
zrmynf1000061,澳大利亚Devondale德运脱脂奶粉 1000g 2包装,,139,14,28.75,0.29,0.58,0.86
zrmynf1000064,荷兰Herobaby美素奶粉2段800g,,94.52,9.52,16.26,0.16,0.33,0.49
zrmynf1000066,荷兰Herobaby美素奶粉3段800g,,116.76,11.76,13.52,0.14,0.27,0.41
zrmynf1000067,荷兰Herobaby美素奶粉3段800g 2盒装,,216.84,21.84,59.48,0.59,1.19,1.78
zrmynf1000068,荷兰Herobaby美素奶粉4段700g,,83.4,8.4,16.65,0.17,0.33,0.5
zrmynf1000069,荷兰Herobaby美素奶粉4段700g 2盒装,,161.24,16.24,42.16,0.42,0.84,1.26
zrmynf1000070,荷兰Herobaby美素奶粉5段700g,,83.4,8.4,13.24,0.13,0.26,0.4
zrmynf1000071,荷兰Herobaby美素奶粉5段700g 2盒装,,161.24,16.24,37.49,0.37,0.75,1.12
zrmynf1000072,德国Hipp Bio喜宝有机奶粉1段600g,,143.45,14.45,75.16,0.75,1.5,2.25
zrmynf1000086,德国Hipp Bio喜宝益生菌奶粉1段600g,,154.57,15.57,34.24,0.34,0.68,1.03
zrmynf1000087,德国Hipp Bio喜宝益生菌奶粉1段600g 2盒装,,299.13,30.13,74.97,0.75,1.5,2.25
zrmynf1000077,德国Hipp Bio喜宝有机奶粉3段800g 2盒装,,299.13,30.13,101.99,1.02,2.04,3.06
zrmynf1000078,德国Hipp Bio喜宝有机奶粉pre段600g,,132.33,13.33,55.47,0.55,1.11,1.66
zrmynf1000079,德国Hipp Bio喜宝有机奶粉pre段600g 2盒装,,254.65,25.65,120.91,1.21,2.42,3.63
zrmynf1000080,德国Hipp Bio喜宝有机奶粉12+段800g,,143.45,14.45,48.37,0.48,0.97,1.45
zrmynf1000081,德国喜宝有机奶粉12+段800g 2盒装,,276.89,27.89,102.99,1.03,2.06,3.09
zrmynf1000085,德国Hipp Bio喜宝益生菌奶粉2+段600g 2盒装,,276.89,27.89,85.12,0.85,1.7,2.55
zrmynf1000088,德国Hipp Bio喜宝益生菌奶粉2段600g 2盒装,,243.53,24.53,59.21,0.59,1.18,1.78
zrmynf1000089,德国Hipp Bio喜宝益生菌奶粉3段600g,,143.45,14.45,36.15,0.36,0.72,1.08
zrmynf1000090,德国Hipp Bio喜宝益生菌奶粉3段600g 2盒装,,276.89,27.89,77.16,0.77,1.54,2.31
zrmynf1000092,德国喜宝益生菌奶粉pre段600g 2盒装,,299.13,30.13,65.72,0.66,1.31,1.97
zrmynf1000102,新西兰Karicare可瑞康羊奶粉1段900g 2罐装,,495.95,49.95,85.73,0.86,1.71,2.57
zrmynf1000103,新西兰Karicare可瑞康羊奶粉2段900g,,264.66,26.66,36.9,0.37,0.74,1.11
zrmynf1000104,新西兰Karicare可瑞康羊奶粉2段900g 2罐装,,518.19,52.19,66.48,0.66,1.33,1.99
zrmynf1000108,港版MeadJohnson美赞臣 Enfamil安婴儿婴幼儿奶粉1段900g 2罐装,,531.54,53.54,126.87,1.27,2.54,3.81
zrmynf1000109,港版MeadJohnson美赞臣 Enfapro安婴宝婴幼儿奶粉2段900g,,275.78,27.78,53.81,0.54,1.08,1.61
zrmynf1000110,港版MeadJohnson美赞臣 Enfapro安婴宝婴幼儿奶粉2段900g 2罐装,,520.42,52.42,135.7,1.36,2.71,4.07
zrmynf1000112,港版MeadJohnson美赞臣 Enfagrow安儿宝婴幼儿奶粉3段900g 2罐装,,498.18,50.18,163.37,1.63,3.27,4.9
zrmynf1000113,港版MeadJohnson美赞臣 Enfakid安儿健婴幼儿奶粉4段900g,,220.18,22.18,65.67,0.66,1.31,1.97
zrmynf1000114,港版MeadJohnson美赞臣 Enfakid安儿健婴幼儿奶粉4段900g 2罐装,,420.34,42.34,128.25,1.28,2.57,3.85
zrmynf1000082,德国Hipp Bio喜宝益生菌奶粉1+段600g,,154.57,15.57,46.4,0.46,0.93,1.39
zrmynf1000083,德国Hipp Bio喜宝益生菌奶粉1+段600g 2盒装,,288.01,29.01,86.59,0.87,1.73,2.6
zrmynf1000115,港版MeadJohnson美赞臣 Enfaschool安学健婴幼儿奶粉5段900g 2罐装,,409.22,41.22,96.04,0.96,1.92,2.88
zrmynf1000001,德国Aptamil爱他美奶粉pre段800g 2罐装,,320.26,32.26,58.85,0.59,1.18,1.77
zrmynf1000009,德国Aptamil爱他美奶粉1+段600g 2盒装,,242.42,24.42,118.87,1.19,2.38,3.57
zrmynf1000030,澳大利亚a2白金婴儿奶粉1段900g,,275.78,27.78,57.39,0.57,1.15,1.72
zrmynf1000033,澳大利亚a2白金婴儿奶粉2段900g 2罐装,,518.19,52.19,121.47,1.21,2.43,3.64
HH00000260,澳洲 Maxigenes美可卓蓝胖子 青少年成人 全脂高钙牛奶粉 1kg/罐,,121.21,12.21,40.44,0.4,0.81,1.21
zrmynf1000107,港版MeadJohnson美赞臣 Enfamil安婴儿婴幼儿奶粉1段900g,,275.78,27.78,61.47,0.61,1.23,1.84
zrmynf1000073,德国Hipp Bio喜宝有机奶粉1段600g 2盒装,,243.53,24.53,117.53,1.18,2.35,3.53
zrmynf1000105,新西兰Karicare可瑞康羊奶粉3段900g,,275.78,27.78,30.87,0.31,0.62,0.93
zrmynf1000002,德国Aptamil爱他美奶粉1段800g,,172.36,17.36,34.03,0.34,0.68,1.02
zrmynf1000012,荷兰Nutrilon牛栏奶粉1段850g,,154.57,15.57,23,0.23,0.46,0.69
zrmynf1000013,荷兰牛栏奶粉1段850g 2罐装,,298.02,30.02,50.35,0.5,1.01,1.51
zrmynf1000022,澳洲Aptamil爱他美奶粉金装1段900g,,197.94,19.94,32.37,0.32,0.65,0.97
zrmynf1000026,澳洲Aptamil爱他美奶粉金装3段900g,,164.58,16.58,47.44,0.47,0.95,1.42
zrmynf1000028,澳洲Aptamil爱他美奶粉金装4段900g,,164.58,16.58,43.36,0.43,0.87,1.3
zrmynf1000029,澳洲Aptamil爱他美奶粉金装4段900g 2罐装,,318.03,32.03,96.33,0.96,1.93,2.89
zrmynf1000040,英国Aptamil爱他美奶粉3段900g,,154.57,15.57,45.59,0.46,0.91,1.37
zrmynf1000042,英国Aptamil爱他美奶粉4段800g,,154.57,15.57,45.59,0.46,0.91,1.37
zrmynf1000046,英国Cow&Gate牛栏奶粉2段900g,,132.33,13.33,43.05,0.43,0.86,1.29
zrmynf1000048,英国Cow&Gate牛栏奶粉3段900g,,132.33,13.33,43.05,0.43,0.86,1.29
zrmynf1000050,英国Cow&Gate牛栏奶粉4段800g,,132.33,13.33,38.84,0.39,0.78,1.17
zrmynf1000062,荷兰Herobaby美素奶粉1段800g,,94.52,9.52,16.26,0.16,0.33,0.49
zrmynf1000063,荷兰Herobaby美素奶粉1段800g 2盒装,,183.48,18.48,42.72,0.43,0.85,1.28
zrmynf1000065,荷兰Herobaby美素奶粉2段800g 2盒装,,183.48,18.48,42.72,0.43,0.85,1.28
zrmynf1000076,德国Hipp Bio喜宝有机奶粉3段800g,,154.57,15.57,48.61,0.49,0.97,1.46
zrmynf1000084,德国Hipp Bio喜宝益生菌奶粉2+段600g,,143.45,14.45,40.21,0.4,0.8,1.21
zrmynf1000091,德国Hipp Bio喜宝益生菌奶粉pre段600g,,154.57,15.57,30.77,0.31,0.62,0.92
zrmynf1000101,新西兰Karicare可瑞康羊奶粉1段900g,,253.54,25.54,39.89,0.4,0.8,1.2
zrmynf1000111,港版MeadJohnson美赞臣 Enfagrow安儿宝婴幼儿奶粉3段900g,,264.66,26.66,81.28,0.81,1.63,2.44
zrmynf1000008,德国Aptamil爱他美奶粉1+段600g,,127.88,12.88,56.42,0.56,1.13,1.69
zrmynf1000093,澳洲a2全脂成人奶粉,,116.76,11.76,29.59,0.3,0.59,0.89
zrmynf1000094,澳洲a2全脂成人奶粉 2包装,,227.96,22.96,61.45,0.61,1.23,1.84
zrhz1000038,韩国AHC高效玻尿酸B5洗面奶180ML,,85.62,8.62,17.77,0.1777,0.3554,0.5331
HH00000147,澳洲 美可卓Maxigenes宝宝儿童咀嚼奶片 蓝莓味 150粒,,105.64,10.64,30.05,0.3005,0.601,0.9015
HH00000554,韩国雪花秀滋阴4件套水乳精华面霜套装,,84.51,8.51,15.67,0.1567,0.3134,0.4701
zrbj000004,澳洲Swisse高浓度蔓越莓胶囊 30粒,,86.74,8.74,11.72,0.1172,0.2344,0.3516
zrhz1000205,日本Kiss Me奇士美花漾美姬新翘力浓密防水睫毛膏6g,,83.4,8.4,14.6,0.146,0.292,0.438
ZRMYYP100001,日本 小林制药KOBAYASHI儿童退热贴16片粉色,,50.04,5.04,9.3,0.093,0.186,0.279
ZRMYYP100002,日本 小林制药KOBAYASHI儿童退热贴16片蓝色,,50.04,5.04,9.3,0.093,0.186,0.279
ZRMYYP100003,美国Comotomo可么多么奶瓶250ml粉色,,175.7,17.7,86.31,0.8631,1.7262,2.5893
ZRMYYP100004,美国Comotomo可么多么奶瓶150ml粉色,,186.82,18.82,63.55,0.6355,1.271,1.9065
ZRMYYP100005,美国Comotomo可么多么奶瓶250ml绿色,,175.7,17.7,86.31,0.8631,1.7262,2.5893
ZRMYYP100006,美国Comotomo可么多么奶瓶150ml绿色,,186.82,18.82,63.55,0.6355,1.271,1.9065
ZRMYYP100007,德国NUK宽口径玻璃奶瓶120毫升颜色随机,,98.97,9.97,30.72,0.3072,0.6144,0.9216
ZRMYYP100008,德国NUK宽口径玻璃奶瓶240毫升颜色随机,,98.97,9.97,29.7,0.297,0.594,0.891
ZRMYYP100009,德国NUK宽口径硅胶奶嘴玻璃奶瓶120毫升+240毫升颜色随机,,161.24,16.24,25.84,0.2584,0.5168,0.7752
ZRMYYP100010,德国NUK宝宝研磨碗颜色随机,,75.62,7.62,11.37,0.1137,0.2274,0.3411
ZRMYYP100015,日本Pigeon贝亲硅胶奶嘴M码2枚入3-6个月,,76.73,7.73,8.9,0.089,0.178,0.267
ZRMYYP100017,日本Pigeon贝亲宽口耐热塑料奶瓶桔黄色240ml,,140.11,14.11,11.47,0.1147,0.2294,0.3441
ZRMYYP100018,日本Pigeon贝亲玻璃奶瓶橘黄色160ml,,142.34,14.34,9.55,0.0955,0.191,0.2865
ZRMYYP100025,日本Pigeon贝亲标准口径玻璃奶瓶240ML,,98.97,9.97,23.58,0.2358,0.4716,0.7074
ZRMYYP100026,日本Pigeon贝亲标准口径玻璃奶瓶200ml,,76.73,7.73,11.19,0.1119,0.2238,0.3357
ZRMYYP100033,美国Aveeno艾维诺婴儿无泪2合1洗发沐浴露354ml,,72.28,7.28,8.31,0.0831,0.1662,0.2493
ZRMYYP100034,美国Aveeno艾维诺婴儿无泪2合1洗发沐浴露236ml,,53.38,5.38,5.99,0.0599,0.1198,0.1797
ZRMYYP100036,美国Aveeno艾维诺婴儿湿疹滋润乳霜141g,,72.28,7.28,9.59,0.0959,0.1918,0.2877
ZRMYYP100037,日本Wakodo和光堂爽身粉120g,,50.04,5.04,9.53,0.0953,0.1906,0.2859
ZRMYYP100039,美国California Baby加州宝宝金盏花润肤霜57g,,116.76,11.76,16.6,0.166,0.332,0.498
ZRMYYP100040,美国California Baby加州宝宝金盏花洗发沐浴露祛痱251ml,,94.52,9.52,15.75,0.1575,0.315,0.4725
ZRMYYP100046,澳洲The Goat Skincare 原味山羊奶皂 100g,,32.25,3.25,4.25,0.0425,0.085,0.1275
ZRMYYP100048,美国Baby Banana香蕉宝宝香蕉牙胶,,72.28,7.28,12.84,0.1284,0.2568,0.3852
zrmyznk1000003,日本Merries花王纸尿裤S82,,105.64,10.64,9.82,0.0982,0.1964,0.2946
zrmyznk1000004,日本Merries花王纸尿裤S82 2包装,,220.18,22.18,39.5,0.395,0.79,1.185
zrmyznk1000005,日本Merries花王纸尿裤L54,,110.09,11.09,7.85,0.0785,0.157,0.2355
zrmyznk1000006,日本Merries花王纸尿裤L54 2包装,,209.06,21.06,24.57,0.2457,0.4914,0.7371
zrmyznk1000020,日本Unicharm尤妮佳纸尿裤M64 2包装,,183.48,18.48,22.28,0.2228,0.4456,0.6684
zrmyznk1000023,日本Unicharm尤妮佳拉拉裤(女宝)L54,,132.33,13.33,8,0.08,0.16,0.24
zrmyznk1000025,日本Unicharm尤妮佳拉拉裤(男宝)L44,,105.64,10.64,11.68,0.1168,0.2336,0.3504
HH00000052,日本花王KAO洗衣机槽滚筒波轮清洗剂180g 2包装,,62.27,6.27,7.85,0.0785,0.157,0.2355
zrmyznk1000041,日本Goo.n大王维E纸尿裤 M64 3包装,,284.67,28.67,24.87,0.2487,0.4974,0.7461
zrmyznk1000042,日本Goo.n大王维E纸尿裤 M64  4包装,,373.63,37.63,27.41,0.2741,0.5482,0.8223
zrrh1000019,日本树之惠本铺天然树液足贴唐辛子30枚,,86.74,8.74,23.98,0.2398,0.4796,0.7194
HH00000328,日本Yanagiya柳屋养发精发根营养液 有香型240ml,,95.63,9.63,6.06,0.0606,0.1212,0.1818
zrmyznk1000048,日本Goo.n大王棉花糖系列纸尿裤 S58  4包装,,618.27,62.27,36.72,0.3672,0.7344,1.1016
